-- phpMyAdmin SQL Dump
-- version 5.0.2
-- https://www.phpmyadmin.net/
--
-- Máy chủ: 127.0.0.1:3306
-- Thời gian đã tạo: Th12 15, 2021 lúc 05:12 PM
-- Phiên bản máy phục vụ: 8.0.21
-- Phiên bản PHP: 7.4.9

SET SQL_MODE = "NO_AUTO_VALUE_ON_ZERO";
START TRANSACTION;
SET time_zone = "+00:00";


/*!40101 SET @OLD_CHARACTER_SET_CLIENT=@@CHARACTER_SET_CLIENT */;
/*!40101 SET @OLD_CHARACTER_SET_RESULTS=@@CHARACTER_SET_RESULTS */;
/*!40101 SET @OLD_COLLATION_CONNECTION=@@COLLATION_CONNECTION */;
/*!40101 SET NAMES utf8mb4 */;

--
-- Cơ sở dữ liệu: `naruto`
--

-- --------------------------------------------------------

--
-- Cấu trúc bảng cho bảng `anhsp`
--

DROP TABLE IF EXISTS `anhsp`;
CREATE TABLE IF NOT EXISTS `anhsp` (
  `MaAnh` int NOT NULL AUTO_INCREMENT,
  `MaSP` int NOT NULL,
  PRIMARY KEY (`MaAnh`),
  KEY `MaSP` (`MaSP`)
) ENGINE=InnoDB DEFAULT CHARSET=utf8mb4 COLLATE=utf8mb4_vietnamese_ci;

-- --------------------------------------------------------

--
-- Cấu trúc bảng cho bảng `binhluan`
--

DROP TABLE IF EXISTS `binhluan`;
CREATE TABLE IF NOT EXISTS `binhluan` (
  `MaBL` int NOT NULL AUTO_INCREMENT,
  `MaSP` int NOT NULL,
  `MaKH` int NOT NULL,
  `NoiDung` text CHARACTER SET utf8mb4 COLLATE utf8mb4_vietnamese_ci NOT NULL,
  `ThoiGian` datetime NOT NULL DEFAULT CURRENT_TIMESTAMP,
  PRIMARY KEY (`MaBL`,`MaSP`,`MaKH`),
  KEY `MaKH` (`MaKH`),
  KEY `MaSP` (`MaSP`)
) ENGINE=InnoDB AUTO_INCREMENT=17 DEFAULT CHARSET=utf8mb4 COLLATE=utf8mb4_vietnamese_ci;

-- --------------------------------------------------------

--
-- Cấu trúc bảng cho bảng `chitiethoadon`
--

DROP TABLE IF EXISTS `chitiethoadon`;
CREATE TABLE IF NOT EXISTS `chitiethoadon` (
  `MaHD` int NOT NULL,
  `MaSP` int NOT NULL,
  `SoLuong` int NOT NULL,
  `DonGia` decimal(10,0) NOT NULL,
  `ThanhTien` decimal(10,0) NOT NULL,
  `Size` int NOT NULL,
  `MaMau` varchar(50) CHARACTER SET utf8mb4 COLLATE utf8mb4_vietnamese_ci NOT NULL,
  PRIMARY KEY (`MaHD`,`MaSP`,`Size`,`MaMau`),
  KEY `MaSP` (`MaSP`),
  KEY `Size` (`Size`),
  KEY `MaMau` (`MaMau`)
) ENGINE=InnoDB DEFAULT CHARSET=utf8mb4 COLLATE=utf8mb4_vietnamese_ci;

--
-- Đang đổ dữ liệu cho bảng `chitiethoadon`
--

INSERT INTO `chitiethoadon` (`MaHD`, `MaSP`, `SoLuong`, `DonGia`, `ThanhTien`, `Size`, `MaMau`) VALUES
(57, 76, 1, '1050000', '1050000', 39, 'Đen '),
(58, 69, 1, '1090000', '1090000', 39, 'none'),
(58, 69, 1, '1090000', '1090000', 40, 'none'),
(59, 53, 5, '1090000', '5450000', 42, 'none'),
(60, 55, 1, '831000', '831000', 39, 'Đen '),
(61, 53, 1, '1090000', '1090000', 42, 'none'),
(61, 54, 2, '411000', '822000', 38, 'Đen '),
(62, 7, 1, '1699300', '1699300', 39, 'Đen - Trắng'),
(63, 70, 2, '1190000', '2380000', 39, 'Trắng'),
(64, 73, 1, '1750000', '1750000', 38, 'Đen '),
(65, 68, 1, '861000', '861000', 39, 'Đen '),
(65, 68, 1, '861000', '861000', 39, 'Đen - Trắng'),
(66, 9, 1, '2649000', '2649000', 39, 'Đen - Trắng'),
(67, 7, 1, '2499000', '2499000', 39, 'Trắng'),
(67, 10, 1, '5589000', '5589000', 40, 'Trắng'),
(68, 10, 3, '5589000', '16767000', 40, 'Trắng'),
(69, 10, 3, '5589000', '16767000', 40, 'Trắng'),
(70, 10, 3, '5589000', '16767000', 40, 'Trắng'),
(71, 10, 3, '5589000', '16767000', 40, 'Trắng'),
(72, 11, 2, '4699000', '9398000', 40, 'none'),
(73, 6, 1, '3500000', '3500000', 38, 'Đen '),
(76, 5, 1, '3519000', '3519000', 40, 'Xanh'),
(78, 9, 1, '2649000', '2649000', 40, 'Đen - Trắng'),
(79, 72, 1, '1800000', '1800000', 40, 'Đen - Trắng'),
(80, 10, 1, '5589000', '5589000', 40, 'Trắng'),
(81, 9, 1, '2649000', '2649000', 38, 'Đen - Trắng'),
(81, 10, 1, '5589000', '5589000', 40, 'Trắng'),
(82, 9, 1, '2649000', '2649000', 38, 'Đen - Trắng'),
(82, 53, 2, '1700000', '3400000', 42, 'none'),
(84, 12, 1, '2069000', '2069000', 41, 'Vàng'),
(84, 70, 3, '1700000', '5100000', 39, 'Trắng'),
(86, 7, 1, '2499000', '2499000', 39, 'Trắng'),
(86, 7, 1, '2499000', '2499000', 40, 'Đen - Trắng'),
(87, 81, 1, '425000', '425000', 30, 'Đen '),
(87, 82, 1, '185000', '185000', 73, 'Đen '),
(88, 86, 1, '185000', '185000', 76, 'Đen '),
(88, 87, 1, '425000', '425000', 30, 'Đen '),
(89, 86, 1, '185000', '185000', 76, 'Đen '),
(89, 87, 1, '425000', '425000', 30, 'Đen '),
(90, 86, 1, '185000', '185000', 76, 'Đen '),
(90, 87, 1, '425000', '425000', 30, 'Đen '),
(91, 86, 1, '185000', '185000', 76, 'Đen '),
(91, 87, 1, '425000', '425000', 30, 'Đen '),
(92, 86, 1, '185000', '185000', 76, 'Đen '),
(93, 86, 1, '185000', '185000', 76, 'Đen ');

-- --------------------------------------------------------

--
-- Cấu trúc bảng cho bảng `chitietsanpham`
--

DROP TABLE IF EXISTS `chitietsanpham`;
CREATE TABLE IF NOT EXISTS `chitietsanpham` (
  `MaSP` int NOT NULL,
  `MaSize` int NOT NULL,
  `MaMau` varchar(50) CHARACTER SET utf8mb4 COLLATE utf8mb4_vietnamese_ci NOT NULL,
  `SoLuong` int NOT NULL,
  PRIMARY KEY (`MaSP`,`MaSize`,`MaMau`),
  KEY `MaSize` (`MaSize`),
  KEY `MaMau` (`MaMau`)
) ENGINE=InnoDB DEFAULT CHARSET=utf8mb4 COLLATE=utf8mb4_vietnamese_ci;

--
-- Đang đổ dữ liệu cho bảng `chitietsanpham`
--

INSERT INTO `chitietsanpham` (`MaSP`, `MaSize`, `MaMau`, `SoLuong`) VALUES
(54, 39, 'Đen ', 500),
(54, 40, 'Đen ', 500),
(54, 41, 'Đen ', 500),
(54, 42, 'Đen ', 500),
(54, 43, 'Đen ', 500),
(55, 39, 'Đen ', 194),
(55, 40, 'Đen ', 200),
(55, 41, 'Đen ', 200),
(56, 38, 'Đen - Trắng', 100),
(56, 39, 'Đen - Trắng', 99),
(56, 40, 'Đen - Trắng', 100),
(56, 41, 'Đen - Trắng', 100),
(68, 39, 'Đen ', 499),
(68, 39, 'Đen - Trắng', 29),
(68, 40, 'Đen ', 500),
(68, 40, 'Đen - Trắng', 30),
(68, 41, 'Đen ', 500),
(68, 41, 'Đen - Trắng', 30),
(69, 39, 'none', 100),
(69, 40, 'none', 100),
(69, 41, 'none', 100),
(70, 39, 'Đen - Trắng', 100),
(70, 39, 'Trắng', 95),
(70, 40, 'Đen - Trắng', 100),
(70, 40, 'Trắng', 100),
(70, 41, 'Đen - Trắng', 100),
(70, 41, 'Trắng', 100),
(71, 40, 'Đen ', 100),
(71, 41, 'Đen ', 95),
(71, 42, 'Đen ', 100),
(72, 39, 'Đen - Trắng', 100),
(72, 39, 'Trắng', 200),
(72, 40, 'Đen - Trắng', 98),
(72, 40, 'Trắng', 200),
(72, 41, 'Đen - Trắng', 100),
(72, 41, 'Trắng', 200),
(73, 36, 'Đen ', 100),
(73, 37, 'Đen ', 100),
(73, 38, 'Đen ', 100),
(73, 39, 'Đen ', 100),
(73, 40, 'Đen ', 100),
(73, 41, 'Đen ', 100),
(73, 42, 'Đen ', 100),
(73, 43, 'Đen ', 100),
(74, 38, 'Đen - Trắng', 100),
(74, 39, 'Đen - Trắng', 100),
(74, 40, 'Đen - Trắng', 100),
(74, 41, 'Đen - Trắng', 100),
(75, 38, 'Đen ', 95),
(75, 38, 'Đen - Trắng', 40),
(75, 38, 'Trắng', 50),
(75, 39, 'Đen ', 100),
(75, 39, 'Đen - Trắng', 40),
(75, 39, 'Trắng', 50),
(75, 40, 'Đen ', 100),
(75, 40, 'Đen - Trắng', 40),
(75, 40, 'Trắng', 50),
(75, 41, 'Đen ', 100),
(75, 41, 'Đen - Trắng', 40),
(75, 41, 'Trắng', 50),
(75, 42, 'Đen ', 100),
(75, 42, 'Đen - Trắng', 40),
(75, 42, 'Trắng', 50),
(76, 38, 'Đen ', 0),
(76, 38, 'Trắng', 0),
(76, 39, 'Đen ', 0),
(76, 39, 'Trắng', 0),
(76, 40, 'Đen ', 0),
(76, 40, 'Trắng', 0),
(76, 41, 'Đen ', 0),
(76, 41, 'Trắng', 0),
(76, 42, 'Đen ', 0),
(76, 42, 'Trắng', 0),
(77, 39, 'Đen - Trắng', 500),
(77, 40, 'Đen - Trắng', 500),
(77, 41, 'Đen - Trắng', 500),
(79, 39, 'Đỏ', 100),
(79, 39, 'Trắng', 100),
(79, 40, 'Đỏ', 100),
(79, 40, 'Trắng', 100),
(79, 41, 'Đỏ', 100),
(79, 41, 'Trắng', 100),
(79, 42, 'Đỏ', 100),
(79, 42, 'Trắng', 100),
(81, 29, 'Đen ', 100),
(81, 29, 'none', 0),
(81, 30, 'Đen ', 99),
(81, 30, 'none', 0),
(81, 31, 'Đen ', 100),
(81, 31, 'none', 0),
(81, 32, 'Đen ', 100),
(81, 32, 'none', 0),
(84, 0, 'Đen ', 0),
(84, 0, 'none', 0),
(85, 70, 'Đen ', 0),
(85, 70, 'none', 0),
(86, 70, 'Đen ', 10),
(86, 73, 'Đen ', 20),
(86, 76, 'Đen ', 14),
(86, 79, 'Đen ', 20),
(87, 29, 'Đen ', 30),
(87, 29, 'none', 0),
(87, 30, 'Đen ', 26),
(87, 30, 'none', 0),
(87, 31, 'Đen ', 30),
(87, 31, 'none', 0),
(87, 32, 'Đen ', 30),
(87, 32, 'none', 0),
(88, 73, 'Xám', 20),
(88, 76, 'Xám', 20),
(88, 79, 'Xám', 20),
(89, 70, 'none', 0),
(89, 70, 'Xanh', 30),
(89, 76, 'none', 0),
(89, 76, 'Xanh', 30),
(89, 79, 'none', 0),
(89, 79, 'Xanh', 30),
(90, 73, 'Hồng', 10),
(90, 76, 'Hồng', 10),
(90, 79, 'Hồng', 10),
(91, 70, 'none', 0),
(91, 70, 'Xanh', 6),
(91, 73, 'none', 0),
(91, 73, 'Xanh', 6),
(91, 76, 'none', 0),
(91, 76, 'Xanh', 6),
(91, 79, 'none', 0),
(91, 79, 'Xanh', 6),
(92, 70, 'none', 0),
(92, 70, 'Trắng', 10),
(92, 73, 'none', 0),
(92, 73, 'Trắng', 10),
(92, 76, 'none', 0),
(92, 76, 'Trắng', 10),
(92, 79, 'none', 0),
(92, 79, 'Trắng', 10),
(93, 70, 'Đen ', 50),
(93, 70, 'none', 0),
(93, 73, 'Đen ', 50),
(93, 73, 'none', 0),
(93, 76, 'Đen ', 50),
(93, 76, 'none', 0),
(93, 79, 'Đen ', 50),
(93, 79, 'none', 0),
(94, 70, 'Xanh lá', 5),
(94, 76, 'Xanh lá', 5),
(94, 79, 'Xanh lá', 5),
(95, 29, 'Trắng', 10),
(95, 30, 'Trắng', 10),
(95, 31, 'Trắng', 10),
(95, 32, 'Trắng', 10),
(96, 73, 'Hồng', 20),
(96, 73, 'none', 0),
(96, 79, 'Hồng', 20),
(96, 79, 'none', 0),
(97, 73, 'Đen ', 20),
(97, 73, 'none', 0),
(97, 76, 'Đen ', 20),
(97, 76, 'none', 0),
(98, 73, 'none', 0),
(98, 73, 'Xanh', 20),
(98, 76, 'none', 0),
(98, 76, 'Xanh', 20),
(98, 79, 'none', 0),
(98, 79, 'Xanh', 20),
(99, 70, 'none', 0),
(99, 70, 'Xanh', 50),
(99, 73, 'none', 0),
(99, 73, 'Xanh', 50),
(99, 76, 'none', 0),
(99, 76, 'Xanh', 50),
(99, 79, 'none', 0),
(99, 79, 'Xanh', 50),
(100, 73, 'Đen ', 50),
(100, 73, 'none', 0),
(100, 76, 'Đen ', 50),
(100, 76, 'none', 0),
(100, 79, 'Đen ', 50),
(100, 79, 'none', 0),
(102, 70, 'Nâu', 30),
(102, 73, 'Nâu', 30),
(102, 76, 'Nâu', 30),
(103, 70, 'Đen ', 30),
(103, 73, 'Đen ', 30),
(103, 76, 'Đen ', 30),
(103, 79, 'Đen ', 30),
(104, 70, 'Xám', 3),
(104, 73, 'Xám', 3),
(104, 76, 'Xám', 3),
(104, 79, 'Xám', 3),
(105, 70, 'Xanh', 30),
(105, 73, 'Xanh', 30),
(105, 76, 'Xanh', 30),
(105, 79, 'Xanh', 30),
(106, 70, 'Xám', 30),
(106, 73, 'Xám', 30),
(106, 76, 'Xám', 30),
(107, 70, 'Trắng', 1),
(107, 73, 'Trắng', 1),
(107, 76, 'Trắng', 1),
(108, 73, 'Trắng', 50),
(108, 76, 'Trắng', 50),
(108, 79, 'Trắng', 50),
(109, 70, 'Đen ', 2),
(109, 73, 'Đen ', 2),
(109, 76, 'Đen ', 2),
(109, 79, 'Đen ', 2),
(110, 70, 'Hồng', 1),
(110, 73, 'Hồng', 1),
(110, 76, 'Hồng', 1),
(111, 70, 'Xám', 50),
(111, 73, 'Xám', 50),
(111, 76, 'Xám', 50),
(111, 79, 'Xám', 50),
(112, 70, 'Xanh', 3),
(112, 73, 'Xanh', 3),
(112, 76, 'Xanh', 3),
(113, 73, 'Đen ', 50),
(113, 76, 'Đen ', 50),
(113, 79, 'Đen ', 50),
(114, 29, 'Xanh', 2),
(114, 30, 'Xanh', 2),
(114, 31, 'Xanh', 2),
(114, 32, 'Xanh', 2),
(115, 29, 'Đen ', 5),
(115, 30, 'Đen ', 5),
(115, 31, 'Đen ', 5),
(115, 32, 'Đen ', 5),
(116, 29, 'Trắng', 1),
(116, 30, 'Trắng', 1),
(116, 31, 'Trắng', 1),
(116, 32, 'Trắng', 1),
(117, 29, 'Đen ', 20),
(117, 30, 'Đen ', 20),
(117, 31, 'Đen ', 20),
(117, 32, 'Đen ', 20),
(118, 30, 'none', 0),
(118, 30, 'Xanh', 50),
(118, 31, 'none', 0),
(118, 31, 'Xanh', 50),
(118, 32, 'none', 0),
(118, 32, 'Xanh', 50),
(119, 29, 'Đen ', 20),
(119, 30, 'Đen ', 20),
(119, 31, 'Đen ', 20),
(119, 32, 'Đen ', 20),
(120, 30, 'Trắng', 3),
(120, 31, 'Trắng', 3),
(121, 29, 'none', 0),
(121, 29, 'Xanh', 4),
(121, 30, 'none', 0),
(121, 30, 'Xanh', 4),
(121, 31, 'none', 0),
(121, 31, 'Xanh', 4),
(122, 29, 'Xám', 5),
(122, 30, 'Xám', 5),
(122, 31, 'Xám', 5),
(122, 32, 'Xám', 5),
(123, 30, 'Nâu', 0),
(123, 31, 'Nâu', 0),
(124, 29, 'Hồng', 30),
(124, 30, 'Hồng', 30),
(124, 31, 'Hồng', 30),
(124, 32, 'Hồng', 30),
(125, 29, 'Đen ', 10),
(125, 30, 'Đen ', 10),
(125, 31, 'Đen ', 10),
(125, 32, 'Đen ', 10),
(126, 29, 'Xanh', 5),
(126, 30, 'Xanh', 5),
(126, 31, 'Xanh', 5),
(127, 29, 'Xám', 20),
(127, 30, 'Xám', 20),
(127, 31, 'Xám', 20),
(127, 32, 'Xám', 20),
(129, 30, 'Đen ', 50),
(129, 30, 'none', 0),
(129, 31, 'Đen ', 50),
(129, 31, 'none', 0),
(129, 32, 'Đen ', 50),
(129, 32, 'none', 0),
(130, 29, 'Trắng', 3),
(130, 31, 'Trắng', 3),
(130, 32, 'Trắng', 3),
(131, 29, 'none', 0),
(131, 29, 'Xanh lá', 20),
(131, 30, 'none', 0),
(131, 30, 'Xanh lá', 20),
(131, 31, 'none', 0),
(131, 31, 'Xanh lá', 20),
(131, 32, 'none', 0),
(131, 32, 'Xanh lá', 20),
(132, 29, 'none', 0),
(132, 29, 'Xanh', 5),
(132, 30, 'none', 0),
(132, 30, 'Xanh', 5),
(132, 31, 'none', 0),
(132, 31, 'Xanh', 5),
(133, 29, 'Xanh', 4),
(133, 30, 'Xanh', 4),
(133, 31, 'Xanh', 4),
(133, 32, 'Xanh', 4);

--
-- Bẫy `chitietsanpham`
--
DROP TRIGGER IF EXISTS `tongsl`;
DELIMITER $$
CREATE TRIGGER `tongsl` AFTER UPDATE ON `chitietsanpham` FOR EACH ROW UPDATE sanpham SET SoLuong= (SELECT SUM(SoLuong) from chitietsanpham WHERE MaSP = NEW.MaSP) WHERE MaSP = NEW.MaSP
$$
DELIMITER ;
DROP TRIGGER IF EXISTS `tongsl_del`;
DELIMITER $$
CREATE TRIGGER `tongsl_del` AFTER DELETE ON `chitietsanpham` FOR EACH ROW UPDATE sanpham SET SoLuong= (SELECT SUM(SoLuong) from chitietsanpham WHERE MaSP = OLD.MaSP) WHERE MaSP = OLD.MaSP
$$
DELIMITER ;
DROP TRIGGER IF EXISTS `tongsl_insert`;
DELIMITER $$
CREATE TRIGGER `tongsl_insert` AFTER INSERT ON `chitietsanpham` FOR EACH ROW UPDATE sanpham SET SoLuong= (SELECT SUM(SoLuong) from chitietsanpham WHERE MaSP = NEW.MaSP) WHERE MaSP = NEW.MaSP
$$
DELIMITER ;

-- --------------------------------------------------------

--
-- Cấu trúc bảng cho bảng `danhmuc`
--

DROP TABLE IF EXISTS `danhmuc`;
CREATE TABLE IF NOT EXISTS `danhmuc` (
  `MaDM` int NOT NULL AUTO_INCREMENT,
  `TenDM` varchar(50) CHARACTER SET utf8mb4 COLLATE utf8mb4_vietnamese_ci NOT NULL,
  PRIMARY KEY (`MaDM`)
) ENGINE=InnoDB AUTO_INCREMENT=8 DEFAULT CHARSET=utf8mb4 COLLATE=utf8mb4_vietnamese_ci;

--
-- Đang đổ dữ liệu cho bảng `danhmuc`
--

INSERT INTO `danhmuc` (`MaDM`, `TenDM`) VALUES
(1, 'Sản Phẩm Nổi Bật'),
(2, 'Sản Phẩm Mới'),
(3, 'Sản Phẩm bán chạy'),
(4, 'Sản Phẩm khuyến mãi');

-- --------------------------------------------------------

--
-- Cấu trúc bảng cho bảng `hoadon`
--

DROP TABLE IF EXISTS `hoadon`;
CREATE TABLE IF NOT EXISTS `hoadon` (
  `MaHD` int NOT NULL AUTO_INCREMENT,
  `MaKH` int NOT NULL,
  `MaNV` int DEFAULT NULL,
  `NgayDat` datetime DEFAULT CURRENT_TIMESTAMP,
  `NgayGiao` datetime DEFAULT NULL,
  `TinhTrang` varchar(20) CHARACTER SET utf8mb4 COLLATE utf8mb4_vietnamese_ci DEFAULT NULL,
  `TongTien` decimal(10,0) NOT NULL,
  `MaNVGH` varchar(50) CHARACTER SET utf8mb4 COLLATE utf8mb4_vietnamese_ci DEFAULT NULL,
  PRIMARY KEY (`MaHD`),
  KEY `MaKH` (`MaKH`),
  KEY `MaNV` (`MaNV`)
) ENGINE=InnoDB AUTO_INCREMENT=94 DEFAULT CHARSET=utf8mb4 COLLATE=utf8mb4_vietnamese_ci;

--
-- Đang đổ dữ liệu cho bảng `hoadon`
--

INSERT INTO `hoadon` (`MaHD`, `MaKH`, `MaNV`, `NgayDat`, `NgayGiao`, `TinhTrang`, `TongTien`, `MaNVGH`) VALUES
(87, 15, NULL, '2021-12-14 13:55:12', NULL, 'chưa duyệt', '610000', NULL),
(88, 15, NULL, '2021-12-14 14:46:28', NULL, 'chưa duyệt', '610000', NULL),
(89, 15, NULL, '2021-12-14 14:46:38', NULL, 'chưa duyệt', '610000', NULL),
(90, 15, NULL, '2021-12-14 14:46:53', NULL, 'chưa duyệt', '610000', NULL),
(91, 15, NULL, '2021-12-14 14:47:36', NULL, 'chưa duyệt', '610000', NULL),
(92, 15, 3, '2021-12-14 14:48:28', '2021-12-16 23:45:19', 'Đã duyệt', '185000', NULL),
(93, 15, 3, '2021-12-14 15:04:24', '2021-12-16 23:45:17', 'hoàn thành', '185000', '3');

-- --------------------------------------------------------

--
-- Cấu trúc bảng cho bảng `khachhang`
--

DROP TABLE IF EXISTS `khachhang`;
CREATE TABLE IF NOT EXISTS `khachhang` (
  `MaKH` int NOT NULL AUTO_INCREMENT,
  `TenKH` varchar(50) CHARACTER SET utf8mb4 COLLATE utf8mb4_vietnamese_ci NOT NULL,
  `Email` varchar(50) CHARACTER SET utf8mb4 COLLATE utf8mb4_vietnamese_ci NOT NULL,
  `SDT` bigint NOT NULL,
  `DiaChi` text CHARACTER SET utf8mb4 COLLATE utf8mb4_vietnamese_ci NOT NULL,
  `MatKhau` varchar(50) CHARACTER SET utf8mb4 COLLATE utf8mb4_vietnamese_ci NOT NULL,
  PRIMARY KEY (`Email`),
  UNIQUE KEY `MaKH` (`MaKH`)
) ENGINE=InnoDB AUTO_INCREMENT=17 DEFAULT CHARSET=utf8mb4 COLLATE=utf8mb4_vietnamese_ci;

--
-- Đang đổ dữ liệu cho bảng `khachhang`
--

INSERT INTO `khachhang` (`MaKH`, `TenKH`, `Email`, `SDT`, `DiaChi`, `MatKhau`) VALUES
(6, 'Nguyễn Nam Cường', 'cuong@gmail.com', 1228923743, 'diachi', '123456'),
(14, 'daica', 'daica@gmail.com', 121211, 'ahaa', 'daica'),
(15, 'Hoangtruong', 'hoangtruong@gmail.com', 123456789, 'Cà Mau', '123456'),
(12, 'luffy', 'luffy@gmail.com', 9989898, '19 Phan Dang Luu - Da Nang', '123456'),
(11, 'saitama', 'saitama@gmail.com', 9113115, 'diachi', '123456'),
(1, 'Nguyễn Đình Trí', 'tringuyen25071998@gmail.com', 778923743, '1092 Trường Chinh - Đà nẵng', '123456'),
(13, 'Ngo Tuong Vu', 'vu@gmail.com', 35123123, 'binh an', '123456');

-- --------------------------------------------------------

--
-- Cấu trúc bảng cho bảng `khuyenmai`
--

DROP TABLE IF EXISTS `khuyenmai`;
CREATE TABLE IF NOT EXISTS `khuyenmai` (
  `MaKM` int NOT NULL AUTO_INCREMENT,
  `TenKM` varchar(50) CHARACTER SET utf8mb4 COLLATE utf8mb4_vietnamese_ci DEFAULT NULL,
  `MoTa` varchar(11) CHARACTER SET utf8mb4 COLLATE utf8mb4_vietnamese_ci DEFAULT NULL,
  `KM_PT` int DEFAULT NULL,
  `TienKM` decimal(10,0) DEFAULT NULL,
  `NgayBD` date DEFAULT NULL,
  `NgayKT` date DEFAULT NULL,
  PRIMARY KEY (`MaKM`)
) ENGINE=InnoDB AUTO_INCREMENT=7 DEFAULT CHARSET=utf8mb4 COLLATE=utf8mb4_vietnamese_ci;

--
-- Đang đổ dữ liệu cho bảng `khuyenmai`
--

INSERT INTO `khuyenmai` (`MaKM`, `TenKM`, `MoTa`, `KM_PT`, `TienKM`, `NgayBD`, `NgayKT`) VALUES
(1, 'Tri Ân Khách Hàng', 'sale', 10, '0', '2021-12-14', '2022-06-22'),
(3, 'Vui Xuân - Đón Tết ', 'Năm mới vui', 30, '0', '2021-12-15', '2022-01-01'),
(4, 'Khuyến Mãi Đặc Biệt', NULL, NULL, '100000', '2019-12-19', '2020-01-31'),
(5, 'khuyễn mãi đặc biệt trị giá 500.000 đ', 'Khách hàng ', 0, '500000', '2020-01-02', '2020-01-04'),
(6, 'Mừng Giáng Sinh', 'Giáng Sinh ', 30, '0', '2021-12-15', '2021-12-31');

-- --------------------------------------------------------

--
-- Cấu trúc bảng cho bảng `mau`
--

DROP TABLE IF EXISTS `mau`;
CREATE TABLE IF NOT EXISTS `mau` (
  `MaMau` varchar(50) CHARACTER SET utf8mb4 COLLATE utf8mb4_vietnamese_ci NOT NULL DEFAULT 'none',
  PRIMARY KEY (`MaMau`)
) ENGINE=InnoDB DEFAULT CHARSET=utf8mb4 COLLATE=utf8mb4_vietnamese_ci;

--
-- Đang đổ dữ liệu cho bảng `mau`
--

INSERT INTO `mau` (`MaMau`) VALUES
('Đen '),
('Hồng'),
('Nâu'),
('none'),
('Trắng'),
('Xám'),
('Xanh'),
('Xanh lá');

-- --------------------------------------------------------

--
-- Cấu trúc bảng cho bảng `nguoinhan`
--

DROP TABLE IF EXISTS `nguoinhan`;
CREATE TABLE IF NOT EXISTS `nguoinhan` (
  `MaHD` int NOT NULL,
  `TenNN` varchar(50) CHARACTER SET utf8mb4 COLLATE utf8mb4_vietnamese_ci NOT NULL,
  `DiaChiNN` text CHARACTER SET utf8mb4 COLLATE utf8mb4_vietnamese_ci NOT NULL,
  `SDTNN` int NOT NULL,
  PRIMARY KEY (`MaHD`)
) ENGINE=InnoDB DEFAULT CHARSET=utf8mb4 COLLATE=utf8mb4_vietnamese_ci;

--
-- Đang đổ dữ liệu cho bảng `nguoinhan`
--

INSERT INTO `nguoinhan` (`MaHD`, `TenNN`, `DiaChiNN`, `SDTNN`) VALUES
(21, 'Lâm Nhật Phi', '1092 Trường chinh - Đà nẵng', 778923743),
(22, 'Nguyễn Đình Trí', '1092 Trường chinh - Đà nẵng', 778923743),
(23, 'Nguyễn Đình Trí', '1092 Trường chinh - Đà nẵng', 778923743),
(25, 'Nguyễn Đình Trí', '1092 Trường chinh - Đà nẵng', 778923743),
(26, 'Nguyễn Đình Trí', '1092 Trường chinh - Đà nẵng', 778923743),
(27, 'Nguyễn Đình Trí', '1092 Trường chinh - Đà nẵng', 778923743),
(28, 'Nguyễn Đình Trí', '1092 Trường chinh - Đà nẵng', 778923743),
(29, 'Nguyễn Đình Trí', '1092 Trường chinh - Đà nẵng', 778923743),
(30, 'Nguyễn Đình Trí', '1092 Trường chinh - Đà nẵng', 778923743),
(31, 'luffy', '19 Phan Dang Luu - Da Nang', 9989898),
(32, 'Nguyễn Đình Trí', '1092 Trường chinh - Đà nẵng', 778923743),
(33, 'Nguyễn Đình Trí', '1092 Trường chinh - Đà nẵng', 778923743),
(34, 'Nguyễn Đình Trí', '1092 Trường chinh - Đà nẵng', 778923743),
(35, 'Nguyễn Đình Trí', '1092 Trường chinh - Đà nẵng', 778923743),
(36, 'Nguyễn Đình Trí', '1092 Trường chinh - Đà nẵng', 778923743),
(37, 'Nguyễn Đình Trí', '1092 Trường chinh - Đà nẵng', 778923743),
(38, 'Nguyễn Đình Trí', '1092 Trường chinh - Đà nẵng', 778923743),
(39, 'Nguyễn Đình Trí', '1092 Trường chinh - Đà nẵng', 778923743),
(40, 'Nguyễn Đình Trí', '1092 Trường chinh - Đà nẵng', 778923743),
(41, 'Nguyễn Đình Trí', '1092 Trường chinh - Đà nẵng', 778923743),
(42, 'Nguyễn Đình Trí', '1092 Trường chinh - Đà nẵng', 778923743),
(43, 'Nguyễn Đình Trí', '1092 Trường chinh - Đà nẵng', 778923743),
(44, 'Nguyễn Đình Trí', '1092 Trường chinh - Đà nẵng', 778923743),
(45, 'Nguyễn Nam Cường', 'diachi', 1228923743),
(46, 'Nguyễn Nam Cường', 'diachi', 1228923743),
(47, 'Nguyễn Nam Cường', 'diachi', 1228923743),
(48, 'Nguyễn Nam Cường', 'diachi', 1228923743),
(49, 'Nguyễn Nam Cường', 'diachi', 1228923743),
(50, 'Nguyễn Nam Cường', 'diachi', 1228923743),
(51, 'Nguyễn Nam Cường', 'diachi', 1228923743),
(52, 'luffy', '19 Phan Dang Luu - Da Nang', 9989898),
(53, 'luffy', '19 Phan Dang Luu - Da Nang', 9989898),
(54, 'luffy', '19 Phan Dang Luu - Da Nang', 9989898),
(55, 'luffy', '19 Phan Dang Luu - Da Nang', 9989898),
(56, 'luffy', '19 Phan Dang Luu - Da Nang', 9989898),
(57, 'saitama', 'diachi', 9113115),
(58, 'saitama', 'diachi', 9113115),
(59, 'saitama', 'diachi', 9113115),
(60, 'Nguyễn Đình Trí', '1092 Trường Chinh - Đà nẵng', 778923743),
(61, 'Nguyễn Đình Trí', '1092 Trường Chinh - Đà nẵng', 778923743),
(62, 'Nguyễn Đình Trí', '1092 Trường Chinh - Đà nẵng', 778923743),
(63, 'Nguyễn Đình Trí', '1092 Trường Chinh - Đà nẵng', 778923743),
(64, 'Nguyễn Đình Trí', '1092 Trường Chinh - Đà nẵng', 778923743),
(65, 'Nguyễn Đình Trí', '1092 Trường Chinh - Đà nẵng', 778923743),
(66, 'Ngo Tuong Vu', 'binh an', 35123123),
(67, 'Ngo Tuong Vu', 'binh an', 35123123),
(71, 'daica', 'ahaa', 121211),
(72, 'daica', 'ahaa', 121211),
(73, 'Ngo Tuong Vu', 'binh an', 35123123),
(76, 'Ngo Tuong Vu', 'binh an', 35123123),
(78, 'Ngo Tuong Vu', 'binh an', 35123123),
(79, 'Ngo Tuong Vu', 'binh an', 35123123),
(80, 'Ngo Tuong Vu', 'binh an', 35123123),
(81, 'Ngo Tuong Vu', 'binh an', 35123123),
(82, 'thienan', 'Cà Mau', 123456789),
(84, 'thienan', 'Cà Mau', 123456789),
(86, 'thienan', 'Cà Mau', 123456789),
(87, 'Hoangtruong', 'TPHCM', 615),
(91, 'Hoangtruong', 'TPHCM', 123456789),
(92, 'Hoangtruong', 'Cà Mau', 1255555),
(93, 'hoangtruong@gmail.com', 'Cà Mau', 123456789);

-- --------------------------------------------------------

--
-- Cấu trúc bảng cho bảng `nhacc`
--

DROP TABLE IF EXISTS `nhacc`;
CREATE TABLE IF NOT EXISTS `nhacc` (
  `MaNCC` int NOT NULL AUTO_INCREMENT,
  `TenNCC` varchar(50) CHARACTER SET utf8mb4 COLLATE utf8mb4_vietnamese_ci NOT NULL,
  PRIMARY KEY (`MaNCC`)
) ENGINE=InnoDB AUTO_INCREMENT=8 DEFAULT CHARSET=utf8mb4 COLLATE=utf8mb4_vietnamese_ci;

--
-- Đang đổ dữ liệu cho bảng `nhacc`
--

INSERT INTO `nhacc` (`MaNCC`, `TenNCC`) VALUES
(1, 'Áo Thun'),
(2, 'Áo Sơmi'),
(3, 'Áo Khoác'),
(4, 'Quần Jean'),
(6, 'Quần Dài'),
(7, 'Quần Short');

-- --------------------------------------------------------

--
-- Cấu trúc bảng cho bảng `nhanvien`
--

DROP TABLE IF EXISTS `nhanvien`;
CREATE TABLE IF NOT EXISTS `nhanvien` (
  `MaNV` int NOT NULL AUTO_INCREMENT,
  `TenNV` varchar(50) CHARACTER SET utf8mb4 COLLATE utf8mb4_vietnamese_ci NOT NULL,
  `Email` varchar(50) CHARACTER SET utf8mb4 COLLATE utf8mb4_vietnamese_ci NOT NULL,
  `SDT` int NOT NULL,
  `DiaChi` text CHARACTER SET utf8mb4 COLLATE utf8mb4_vietnamese_ci NOT NULL,
  `MatKhau` varchar(50) CHARACTER SET utf8mb4 COLLATE utf8mb4_vietnamese_ci NOT NULL,
  `Quyen` int NOT NULL,
  PRIMARY KEY (`Email`),
  UNIQUE KEY `MaNV` (`MaNV`),
  KEY `Quyen` (`Quyen`)
) ENGINE=InnoDB AUTO_INCREMENT=6 DEFAULT CHARSET=utf8mb4 COLLATE=utf8mb4_vietnamese_ci;

--
-- Đang đổ dữ liệu cho bảng `nhanvien`
--

INSERT INTO `nhanvien` (`MaNV`, `TenNV`, `Email`, `SDT`, `DiaChi`, `MatKhau`, `Quyen`) VALUES
(3, 'Admin', 'admin.narutoshop@gmail.com', 905027527, '180 cao lỗ', 'admin', 1),
(5, 'Nhân viên F', 'F@gmail.com', 123456789, 'Hà Nội', '123456', 5),
(2, 'Nhân Viên Bán Hàng ', 'NVBH@gmail.com', 123456789, 'Quảng Nam', '123456', 4),
(1, 'Quản Lý', 'thongkul@gmail.com', 778923743, 'Củ Chi', '123456', 2),
(4, 'Nguyễn Vũ', 'vu@gmail.com', 132465798, '342 đường 3/2 tp HCM', '123456', 3);

-- --------------------------------------------------------

--
-- Cấu trúc bảng cho bảng `phieunhap`
--

DROP TABLE IF EXISTS `phieunhap`;
CREATE TABLE IF NOT EXISTS `phieunhap` (
  `MaPN` int NOT NULL AUTO_INCREMENT,
  `MaNV` int NOT NULL,
  `MaSP` int NOT NULL,
  `SoLuong` int NOT NULL,
  `DonGia` decimal(10,0) DEFAULT NULL,
  `TongTien` decimal(10,0) NOT NULL,
  `NgayNhap` datetime NOT NULL DEFAULT CURRENT_TIMESTAMP,
  `Note` varchar(100) CHARACTER SET utf8mb4 COLLATE utf8mb4_vietnamese_ci DEFAULT NULL,
  `Size` int NOT NULL,
  `Mau` varchar(50) CHARACTER SET utf8mb4 COLLATE utf8mb4_vietnamese_ci NOT NULL,
  PRIMARY KEY (`MaPN`),
  KEY `MaNV` (`MaNV`),
  KEY `MaSP` (`MaSP`)
) ENGINE=InnoDB AUTO_INCREMENT=329 DEFAULT CHARSET=utf8mb4 COLLATE=utf8mb4_vietnamese_ci;

--
-- Đang đổ dữ liệu cho bảng `phieunhap`
--

INSERT INTO `phieunhap` (`MaPN`, `MaNV`, `MaSP`, `SoLuong`, `DonGia`, `TongTien`, `NgayNhap`, `Note`, `Size`, `Mau`) VALUES
(53, 3, 9, 40, '2000000', '80000000', '2020-01-10 13:39:40', 'custom', 40, 'Đen - Trắng'),
(54, 3, 9, 40, '2000000', '80000000', '2020-01-10 13:39:40', 'custom', 41, 'Đen - Trắng'),
(55, 3, 9, 40, '2000000', '80000000', '2020-01-10 13:39:40', 'custom', 42, 'Đen - Trắng'),
(56, 3, 10, 100, '5000000', '500000000', '2020-01-10 13:39:59', '', 39, 'Trắng'),
(57, 3, 10, 100, '5000000', '500000000', '2020-01-10 13:39:59', '', 40, 'Trắng'),
(58, 3, 10, 100, '5000000', '500000000', '2020-01-10 13:39:59', '', 41, 'Trắng'),
(59, 3, 10, 100, '5000000', '500000000', '2020-01-10 13:39:59', '', 42, 'Trắng'),
(60, 3, 11, 100, '3500000', '350000000', '2020-01-10 13:40:23', '', 39, 'none'),
(61, 3, 11, 100, '3500000', '350000000', '2020-01-10 13:40:23', '', 40, 'none'),
(62, 3, 11, 100, '3500000', '350000000', '2020-01-10 13:40:23', '', 41, 'none'),
(63, 3, 11, 100, '3500000', '350000000', '2020-01-10 13:40:23', '', 42, 'none'),
(64, 3, 12, 100, '1800000', '180000000', '2020-01-10 13:40:58', '', 39, 'Vàng'),
(65, 3, 12, 100, '1800000', '180000000', '2020-01-10 13:40:58', '', 40, 'Vàng'),
(66, 3, 12, 100, '1800000', '180000000', '2020-01-10 13:40:58', '', 41, 'Vàng'),
(67, 3, 53, 500, '1500000', '750000000', '2020-01-10 13:42:37', '', 42, 'none'),
(68, 3, 54, 500, '500000', '250000000', '2020-01-10 13:43:07', 'Hàng F1', 36, 'Đen'),
(69, 3, 54, 500, '500000', '250000000', '2020-01-10 13:43:07', 'Hàng F1', 37, 'Đen'),
(70, 3, 54, 500, '500000', '250000000', '2020-01-10 13:43:07', 'Hàng F1', 38, 'Đen'),
(71, 3, 54, 500, '500000', '250000000', '2020-01-10 13:43:07', 'Hàng F1', 39, 'Đen'),
(72, 3, 54, 500, '500000', '250000000', '2020-01-10 13:43:07', 'Hàng F1', 40, 'Đen'),
(73, 3, 54, 500, '500000', '250000000', '2020-01-10 13:43:07', 'Hàng F1', 41, 'Đen'),
(74, 3, 54, 500, '500000', '250000000', '2020-01-10 13:43:07', 'Hàng F1', 42, 'Đen'),
(75, 3, 54, 500, '500000', '250000000', '2020-01-10 13:43:07', 'Hàng F1', 43, 'Đen'),
(76, 3, 55, 200, '1000000', '200000000', '2020-01-10 13:43:25', '', 39, 'Đen'),
(77, 3, 55, 200, '1000000', '200000000', '2020-01-10 13:43:25', '', 40, 'Đen'),
(78, 3, 55, 200, '1000000', '200000000', '2020-01-10 13:43:25', '', 41, 'Đen'),
(80, 3, 56, 100, '1500000', '150000000', '2020-01-10 13:44:49', '', 38, 'Đen - Trắng'),
(81, 3, 56, 100, '1500000', '150000000', '2020-01-10 13:44:49', '', 39, 'Đen - Trắng'),
(82, 3, 56, 100, '1500000', '150000000', '2020-01-10 13:44:49', '', 40, 'Đen - Trắng'),
(83, 3, 56, 100, '1500000', '150000000', '2020-01-10 13:44:49', '', 41, 'Đen - Trắng'),
(84, 3, 69, 100, '1500000', '150000000', '2020-01-10 13:46:02', '', 39, 'none'),
(85, 3, 69, 100, '1500000', '150000000', '2020-01-10 13:46:02', '', 40, 'none'),
(86, 3, 69, 100, '1500000', '150000000', '2020-01-10 13:46:02', '', 41, 'none'),
(87, 3, 68, 500, '1000000', '500000000', '2020-01-10 13:46:39', '', 39, 'Đen'),
(88, 3, 68, 500, '1000000', '500000000', '2020-01-10 13:46:39', '', 40, 'Đen'),
(89, 3, 68, 500, '1000000', '500000000', '2020-01-10 13:46:39', '', 41, 'Đen'),
(90, 3, 68, 30, '1000000', '30000000', '2020-01-10 13:46:52', '', 39, 'Đen - Trắng'),
(91, 3, 68, 30, '1000000', '30000000', '2020-01-10 13:46:52', '', 40, 'Đen - Trắng'),
(92, 3, 68, 30, '1000000', '30000000', '2020-01-10 13:46:52', '', 41, 'Đen - Trắng'),
(93, 3, 70, 100, '1500000', '150000000', '2020-01-10 13:47:31', '', 39, 'Đen - Trắng'),
(94, 3, 70, 100, '1500000', '150000000', '2020-01-10 13:47:31', '', 40, 'Đen - Trắng'),
(95, 3, 70, 100, '1500000', '150000000', '2020-01-10 13:47:31', '', 41, 'Đen - Trắng'),
(96, 3, 70, 100, '1500000', '150000000', '2020-01-10 13:47:43', '', 39, 'Trắng'),
(97, 3, 70, 100, '1500000', '150000000', '2020-01-10 13:47:43', '', 40, 'Trắng'),
(98, 3, 70, 100, '1500000', '150000000', '2020-01-10 13:47:43', '', 41, 'Trắng'),
(99, 3, 71, 100, '1000000', '100000000', '2020-01-10 13:47:59', '', 40, 'Đen'),
(100, 3, 71, 100, '1000000', '100000000', '2020-01-10 13:47:59', '', 41, 'Đen'),
(101, 3, 71, 100, '1000000', '100000000', '2020-01-10 13:47:59', '', 42, 'Đen'),
(102, 3, 72, 100, '1500000', '150000000', '2020-01-10 13:48:13', '', 39, 'Trắng'),
(103, 3, 72, 100, '1500000', '150000000', '2020-01-10 13:48:13', '', 40, 'Trắng'),
(104, 3, 72, 100, '1500000', '150000000', '2020-01-10 13:48:13', '', 41, 'Trắng'),
(105, 3, 72, 100, '1000000', '100000000', '2020-01-10 13:48:22', '', 39, 'Trắng'),
(106, 3, 72, 100, '1000000', '100000000', '2020-01-10 13:48:22', '', 40, 'Trắng'),
(107, 3, 72, 100, '1000000', '100000000', '2020-01-10 13:48:22', '', 41, 'Trắng'),
(108, 3, 73, 100, '1500000', '150000000', '2020-01-10 13:48:40', '', 36, 'Đen'),
(109, 3, 73, 100, '1500000', '150000000', '2020-01-10 13:48:40', '', 37, 'Đen'),
(110, 3, 73, 100, '1500000', '150000000', '2020-01-10 13:48:40', '', 38, 'Đen'),
(111, 3, 73, 100, '1500000', '150000000', '2020-01-10 13:48:40', '', 39, 'Đen'),
(112, 3, 73, 100, '1500000', '150000000', '2020-01-10 13:48:40', '', 40, 'Đen'),
(113, 3, 73, 100, '1500000', '150000000', '2020-01-10 13:48:40', '', 41, 'Đen'),
(114, 3, 73, 100, '1500000', '150000000', '2020-01-10 13:48:40', '', 42, 'Đen'),
(115, 3, 73, 100, '1500000', '150000000', '2020-01-10 13:48:40', '', 43, 'Đen'),
(116, 3, 74, 100, '2000000', '200000000', '2020-01-10 13:49:03', '', 38, 'Đen - Trắng'),
(117, 3, 74, 100, '2000000', '200000000', '2020-01-10 13:49:03', '', 39, 'Đen - Trắng'),
(118, 3, 74, 100, '2000000', '200000000', '2020-01-10 13:49:03', '', 40, 'Đen - Trắng'),
(119, 3, 74, 100, '2000000', '200000000', '2020-01-10 13:49:03', '', 41, 'Đen - Trắng'),
(120, 3, 75, 100, '1000000', '100000000', '2020-01-10 13:49:20', '', 38, 'Đen'),
(121, 3, 75, 100, '1000000', '100000000', '2020-01-10 13:49:20', '', 39, 'Đen'),
(122, 3, 75, 100, '1000000', '100000000', '2020-01-10 13:49:20', '', 40, 'Đen'),
(123, 3, 75, 100, '1000000', '100000000', '2020-01-10 13:49:20', '', 41, 'Đen'),
(124, 3, 75, 100, '1000000', '100000000', '2020-01-10 13:49:20', '', 42, 'Đen'),
(125, 3, 75, 40, '1000000', '40000000', '2020-01-10 13:49:39', '', 38, 'Đen - Trắng'),
(126, 3, 75, 40, '1000000', '40000000', '2020-01-10 13:49:39', '', 39, 'Đen - Trắng'),
(127, 3, 75, 40, '1000000', '40000000', '2020-01-10 13:49:39', '', 40, 'Đen - Trắng'),
(128, 3, 75, 40, '1000000', '40000000', '2020-01-10 13:49:39', '', 41, 'Đen - Trắng'),
(129, 3, 75, 40, '1000000', '40000000', '2020-01-10 13:49:39', '', 42, 'Đen - Trắng'),
(130, 3, 75, 50, '1000000', '50000000', '2020-01-10 13:49:49', '', 38, 'Trắng'),
(131, 3, 75, 50, '1000000', '50000000', '2020-01-10 13:49:49', '', 39, 'Trắng'),
(132, 3, 75, 50, '1000000', '50000000', '2020-01-10 13:49:49', '', 40, 'Trắng'),
(133, 3, 75, 50, '1000000', '50000000', '2020-01-10 13:49:49', '', 41, 'Trắng'),
(134, 3, 75, 50, '1000000', '50000000', '2020-01-10 13:49:49', '', 42, 'Trắng'),
(135, 3, 76, 100, '1000000', '100000000', '2020-01-10 13:50:03', '', 38, 'Đen'),
(136, 3, 76, 100, '1000000', '100000000', '2020-01-10 13:50:03', '', 39, 'Đen'),
(137, 3, 76, 100, '1000000', '100000000', '2020-01-10 13:50:03', '', 40, 'Đen'),
(138, 3, 76, 100, '1000000', '100000000', '2020-01-10 13:50:03', '', 41, 'Đen'),
(139, 3, 76, 100, '1000000', '100000000', '2020-01-10 13:50:03', '', 42, 'Đen'),
(140, 3, 76, 40, '1000000', '40000000', '2020-01-10 13:50:10', '', 38, 'Trắng'),
(141, 3, 76, 40, '1000000', '40000000', '2020-01-10 13:50:11', '', 39, 'Trắng'),
(142, 3, 76, 40, '1000000', '40000000', '2020-01-10 13:50:11', '', 40, 'Trắng'),
(143, 3, 76, 40, '1000000', '40000000', '2020-01-10 13:50:11', '', 41, 'Trắng'),
(144, 3, 76, 40, '1000000', '40000000', '2020-01-10 13:50:11', '', 42, 'Trắng'),
(145, 3, 77, 500, '1000000', '500000000', '2020-01-10 13:50:22', '', 39, 'Đen - Trắng'),
(146, 3, 77, 500, '1000000', '500000000', '2020-01-10 13:50:22', '', 40, 'Đen - Trắng'),
(147, 3, 77, 500, '1000000', '500000000', '2020-01-10 13:50:22', '', 41, 'Đen - Trắng'),
(148, 3, 72, 100, '1000000', '100000000', '2020-01-10 13:55:46', '', 39, 'Đen - Trắng'),
(149, 3, 72, 100, '1000000', '100000000', '2020-01-10 13:55:46', '', 40, 'Đen - Trắng'),
(150, 3, 72, 100, '1000000', '100000000', '2020-01-10 13:55:46', '', 41, 'Đen - Trắng'),
(151, 3, 79, 100, '250000000', '9999999999', '2020-12-09 13:05:19', '', 0, 'Đỏ'),
(152, 3, 79, 100, '250000000', '9999999999', '2020-12-09 13:05:56', '', 39, 'Đỏ'),
(153, 3, 79, 100, '250000000', '9999999999', '2020-12-09 13:05:56', '', 40, 'Đỏ'),
(154, 3, 79, 100, '250000000', '9999999999', '2020-12-09 13:05:56', '', 41, 'Đỏ'),
(155, 3, 79, 100, '250000000', '9999999999', '2020-12-09 13:05:56', '', 42, 'Đỏ'),
(156, 3, 79, 100, '250000000', '9999999999', '2020-12-09 13:06:15', '', 39, 'Trắng'),
(157, 3, 79, 100, '250000000', '9999999999', '2020-12-09 13:06:15', '', 40, 'Trắng'),
(158, 3, 79, 100, '250000000', '9999999999', '2020-12-09 13:06:15', '', 41, 'Trắng'),
(159, 3, 79, 100, '250000000', '9999999999', '2020-12-09 13:06:16', '', 42, 'Trắng'),
(160, 3, 6, 500, '3519000', '1759500000', '2020-12-11 11:24:08', '', 38, 'Đen'),
(161, 3, 6, 500, '3519000', '1759500000', '2020-12-11 11:24:08', '', 39, 'Đen'),
(162, 3, 6, 500, '3519000', '1759500000', '2020-12-11 11:24:09', '', 40, 'Đen'),
(163, 3, 6, 500, '3519000', '1759500000', '2020-12-11 11:24:09', '', 41, 'Đen'),
(164, 3, 6, 500, '3519000', '1759500000', '2020-12-11 11:24:09', '', 42, 'Đen'),
(165, 3, 81, 100, '150000', '15000000', '2021-12-14 13:28:25', '', 29, 'Đen'),
(166, 3, 81, 100, '150000', '15000000', '2021-12-14 13:28:25', '', 30, 'Đen'),
(167, 3, 81, 100, '150000', '15000000', '2021-12-14 13:28:25', '', 31, 'Đen'),
(168, 3, 81, 100, '150000', '15000000', '2021-12-14 13:28:25', '', 32, 'Đen'),
(169, 3, 82, 50, '150000', '7500000', '2021-12-14 13:38:06', 'Hàng Hot', 70, 'Đen'),
(170, 3, 82, 50, '150000', '7500000', '2021-12-14 13:38:06', 'Hàng Hot', 73, 'Đen'),
(171, 3, 82, 50, '150000', '7500000', '2021-12-14 13:38:06', 'Hàng Hot', 76, 'Đen'),
(172, 3, 82, 50, '150000', '7500000', '2021-12-14 13:38:06', 'Hàng Hot', 79, 'Đen'),
(173, 3, 86, 20, '140000', '2800000', '2021-12-14 14:35:04', 'Hot', 70, 'Đen'),
(174, 3, 86, 20, '140000', '2800000', '2021-12-14 14:35:04', 'Hot', 73, 'Đen'),
(175, 3, 86, 20, '140000', '2800000', '2021-12-14 14:35:04', 'Hot', 76, 'Đen'),
(176, 3, 86, 20, '140000', '2800000', '2021-12-14 14:35:04', 'Hot', 79, 'Đen'),
(177, 3, 87, 30, '300000', '9000000', '2021-12-14 14:39:50', '', 29, 'Đen'),
(178, 3, 87, 30, '300000', '9000000', '2021-12-14 14:39:50', '', 30, 'Đen'),
(179, 3, 87, 30, '300000', '9000000', '2021-12-14 14:39:50', '', 31, 'Đen'),
(180, 3, 87, 30, '300000', '9000000', '2021-12-14 14:39:50', '', 32, 'Đen'),
(181, 3, 88, 20, '120000', '2400000', '2021-12-15 23:30:57', '', 73, 'Xám'),
(182, 3, 88, 20, '120000', '2400000', '2021-12-15 23:30:57', '', 76, 'Xám'),
(183, 3, 88, 20, '120000', '2400000', '2021-12-15 23:30:57', '', 79, 'Xám'),
(184, 3, 89, 30, '120000', '3600000', '2021-12-15 23:31:22', '', 70, 'Xanh'),
(185, 3, 89, 30, '120000', '3600000', '2021-12-15 23:31:22', '', 76, 'Xanh'),
(186, 3, 89, 30, '120000', '3600000', '2021-12-15 23:31:22', '', 79, 'Xanh'),
(187, 3, 90, 10, '120000', '1200000', '2021-12-15 23:31:46', '', 73, 'Hồng'),
(188, 3, 90, 10, '120000', '1200000', '2021-12-15 23:31:46', '', 76, 'Hồng'),
(189, 3, 90, 10, '120000', '1200000', '2021-12-15 23:31:46', '', 79, 'Hồng'),
(190, 3, 91, 6, '150000', '900000', '2021-12-15 23:32:11', '', 70, 'Xanh'),
(191, 3, 91, 6, '150000', '900000', '2021-12-15 23:32:11', '', 73, 'Xanh'),
(192, 3, 91, 6, '150000', '900000', '2021-12-15 23:32:11', '', 76, 'Xanh'),
(193, 3, 91, 6, '150000', '900000', '2021-12-15 23:32:11', '', 79, 'Xanh'),
(194, 3, 92, 10, '150000', '1500000', '2021-12-15 23:32:40', '', 70, 'Trắng'),
(195, 3, 92, 10, '150000', '1500000', '2021-12-15 23:32:40', '', 73, 'Trắng'),
(196, 3, 92, 10, '150000', '1500000', '2021-12-15 23:32:40', '', 76, 'Trắng'),
(197, 3, 92, 10, '150000', '1500000', '2021-12-15 23:32:40', '', 79, 'Trắng'),
(198, 3, 93, 50, '130000', '6500000', '2021-12-15 23:33:18', 'Hot', 70, 'Đen'),
(199, 3, 93, 50, '130000', '6500000', '2021-12-15 23:33:18', 'Hot', 73, 'Đen'),
(200, 3, 93, 50, '130000', '6500000', '2021-12-15 23:33:18', 'Hot', 76, 'Đen'),
(201, 3, 93, 50, '130000', '6500000', '2021-12-15 23:33:18', 'Hot', 79, 'Đen'),
(202, 3, 100, 50, '200000', '10000000', '2021-12-15 23:33:42', 'Hot', 73, 'Đen'),
(203, 3, 100, 50, '200000', '10000000', '2021-12-15 23:33:42', 'Hot', 76, 'Đen'),
(204, 3, 100, 50, '200000', '10000000', '2021-12-15 23:33:42', 'Hot', 79, 'Đen'),
(205, 3, 108, 50, '180000', '9000000', '2021-12-15 23:34:05', 'Hot', 73, 'Trắng'),
(206, 3, 108, 50, '180000', '9000000', '2021-12-15 23:34:05', 'Hot', 76, 'Trắng'),
(207, 3, 108, 50, '180000', '9000000', '2021-12-15 23:34:05', 'Hot', 79, 'Trắng'),
(208, 3, 111, 50, '150000', '7500000', '2021-12-15 23:34:27', 'Hot', 70, 'Xám'),
(209, 3, 111, 50, '150000', '7500000', '2021-12-15 23:34:27', 'Hot', 73, 'Xám'),
(210, 3, 111, 50, '150000', '7500000', '2021-12-15 23:34:27', 'Hot', 76, 'Xám'),
(211, 3, 111, 50, '150000', '7500000', '2021-12-15 23:34:27', 'Hot', 79, 'Xám'),
(212, 3, 113, 50, '180000', '9000000', '2021-12-15 23:34:49', 'Hot', 73, 'Đen'),
(213, 3, 113, 50, '180000', '9000000', '2021-12-15 23:34:49', 'Hot', 76, 'Đen'),
(214, 3, 113, 50, '180000', '9000000', '2021-12-15 23:34:49', 'Hot', 79, 'Đen'),
(215, 3, 118, 50, '200000', '10000000', '2021-12-15 23:35:14', 'Hot', 30, 'Xanh'),
(216, 3, 118, 50, '200000', '10000000', '2021-12-15 23:35:14', 'Hot', 31, 'Xanh'),
(217, 3, 118, 50, '200000', '10000000', '2021-12-15 23:35:14', 'Hot', 32, 'Xanh'),
(218, 3, 129, 50, '150000', '7500000', '2021-12-15 23:35:40', 'Hot', 30, 'Đen'),
(219, 3, 129, 50, '150000', '7500000', '2021-12-15 23:35:40', 'Hot', 31, 'Đen'),
(220, 3, 129, 50, '150000', '7500000', '2021-12-15 23:35:40', 'Hot', 32, 'Đen'),
(221, 3, 96, 20, '250000', '5000000', '2021-12-15 23:36:13', 'Nổi bật ', 73, 'Hồng'),
(222, 3, 96, 20, '250000', '5000000', '2021-12-15 23:36:13', 'Nổi bật ', 79, 'Hồng'),
(223, 3, 98, 20, '200000', '4000000', '2021-12-15 23:36:34', 'Nổi bật ', 73, 'Xanh'),
(224, 3, 98, 20, '200000', '4000000', '2021-12-15 23:36:34', 'Nổi bật ', 76, 'Xanh'),
(225, 3, 98, 20, '200000', '4000000', '2021-12-15 23:36:34', 'Nổi bật ', 79, 'Xanh'),
(226, 3, 99, 50, '270000', '13500000', '2021-12-15 23:36:58', 'Nổi bật ', 70, 'Xanh'),
(227, 3, 99, 50, '270000', '13500000', '2021-12-15 23:36:58', 'Nổi bật ', 73, 'Xanh'),
(228, 3, 99, 50, '270000', '13500000', '2021-12-15 23:36:58', 'Nổi bật ', 76, 'Xanh'),
(229, 3, 99, 50, '270000', '13500000', '2021-12-15 23:36:58', 'Nổi bật ', 79, 'Xanh'),
(230, 3, 105, 30, '100000', '3000000', '2021-12-15 23:37:23', 'Nổi bật ', 70, 'Xanh'),
(231, 3, 105, 30, '100000', '3000000', '2021-12-15 23:37:23', 'Nổi bật ', 73, 'Xanh'),
(232, 3, 105, 30, '100000', '3000000', '2021-12-15 23:37:23', 'Nổi bật ', 76, 'Xanh'),
(233, 3, 105, 30, '100000', '3000000', '2021-12-15 23:37:23', 'Nổi bật ', 79, 'Xanh'),
(234, 3, 106, 30, '100000', '3000000', '2021-12-15 23:37:45', 'Nổi bật ', 70, 'Xám'),
(235, 3, 106, 30, '100000', '3000000', '2021-12-15 23:37:45', 'Nổi bật ', 73, 'Xám'),
(236, 3, 106, 30, '100000', '3000000', '2021-12-15 23:37:45', 'Nổi bật ', 76, 'Xám'),
(237, 3, 117, 20, '200000', '4000000', '2021-12-15 23:38:12', 'Nổi bật ', 29, 'Đen'),
(238, 3, 117, 20, '200000', '4000000', '2021-12-15 23:38:12', 'Nổi bật ', 30, 'Đen'),
(239, 3, 117, 20, '200000', '4000000', '2021-12-15 23:38:12', 'Nổi bật ', 31, 'Đen'),
(240, 3, 117, 20, '200000', '4000000', '2021-12-15 23:38:12', 'Nổi bật ', 32, 'Đen'),
(241, 3, 119, 20, '280000', '5600000', '2021-12-15 23:38:41', 'Nổi bật ', 29, 'Đen'),
(242, 3, 119, 20, '280000', '5600000', '2021-12-15 23:38:41', 'Nổi bật ', 30, 'Đen'),
(243, 3, 119, 20, '280000', '5600000', '2021-12-15 23:38:41', 'Nổi bật ', 31, 'Đen'),
(244, 3, 119, 20, '280000', '5600000', '2021-12-15 23:38:41', 'Nổi bật ', 32, 'Đen'),
(245, 3, 124, 30, '80000', '2400000', '2021-12-15 23:39:06', 'Nổi bật ', 29, 'Hồng'),
(246, 3, 124, 30, '80000', '2400000', '2021-12-15 23:39:06', 'Nổi bật ', 30, 'Hồng'),
(247, 3, 124, 30, '80000', '2400000', '2021-12-15 23:39:06', 'Nổi bật ', 31, 'Hồng'),
(248, 3, 124, 30, '80000', '2400000', '2021-12-15 23:39:06', 'Nổi bật ', 32, 'Hồng'),
(249, 3, 127, 20, '250000', '5000000', '2021-12-15 23:39:22', 'Nổi bật ', 29, 'Xám'),
(250, 3, 127, 20, '250000', '5000000', '2021-12-15 23:39:22', 'Nổi bật ', 30, 'Xám'),
(251, 3, 127, 20, '250000', '5000000', '2021-12-15 23:39:22', 'Nổi bật ', 31, 'Xám'),
(252, 3, 127, 20, '250000', '5000000', '2021-12-15 23:39:22', 'Nổi bật ', 32, 'Xám'),
(253, 3, 131, 20, '250000', '5000000', '2021-12-15 23:39:43', 'Nổi bật ', 29, 'Xanh lá'),
(254, 3, 131, 20, '250000', '5000000', '2021-12-15 23:39:43', 'Nổi bật ', 30, 'Xanh lá'),
(255, 3, 131, 20, '250000', '5000000', '2021-12-15 23:39:43', 'Nổi bật ', 31, 'Xanh lá'),
(256, 3, 131, 20, '250000', '5000000', '2021-12-15 23:39:43', 'Nổi bật ', 32, 'Xanh lá'),
(257, 3, 97, 20, '150000', '3000000', '2021-12-15 23:40:13', 'New', 73, 'Đen'),
(258, 3, 97, 20, '150000', '3000000', '2021-12-15 23:40:13', 'New', 76, 'Đen'),
(259, 3, 102, 30, '150000', '4500000', '2021-12-15 23:40:30', 'New', 70, 'Nâu'),
(260, 3, 102, 30, '150000', '4500000', '2021-12-15 23:40:30', 'New', 73, 'Nâu'),
(261, 3, 102, 30, '150000', '4500000', '2021-12-15 23:40:30', 'New', 76, 'Nâu'),
(262, 3, 103, 30, '90000', '2700000', '2021-12-15 23:40:56', 'New', 70, 'Đen'),
(263, 3, 103, 30, '90000', '2700000', '2021-12-15 23:40:56', 'New', 73, 'Đen'),
(264, 3, 103, 30, '90000', '2700000', '2021-12-15 23:40:56', 'New', 76, 'Đen'),
(265, 3, 103, 30, '90000', '2700000', '2021-12-15 23:40:56', 'New', 79, 'Đen'),
(266, 3, 104, 3, '150000', '450000', '2021-12-15 23:41:27', 'New', 70, 'Xám'),
(267, 3, 104, 3, '150000', '450000', '2021-12-15 23:41:27', 'New', 73, 'Xám'),
(268, 3, 104, 3, '150000', '450000', '2021-12-15 23:41:27', 'New', 76, 'Xám'),
(269, 3, 104, 3, '150000', '450000', '2021-12-15 23:41:27', 'New', 79, 'Xám'),
(270, 3, 107, 1, '150000', '150000', '2021-12-15 23:41:47', 'New', 70, 'Trắng'),
(271, 3, 107, 1, '150000', '150000', '2021-12-15 23:41:47', 'New', 73, 'Trắng'),
(272, 3, 107, 1, '150000', '150000', '2021-12-15 23:41:47', 'New', 76, 'Trắng'),
(273, 3, 115, 5, '150000', '750000', '2021-12-15 23:42:08', 'New', 0, 'Đen'),
(274, 3, 115, 5, '150000', '750000', '2021-12-15 23:42:18', 'New', 29, 'Đen'),
(275, 3, 115, 5, '150000', '750000', '2021-12-15 23:42:18', 'New', 30, 'Đen'),
(276, 3, 115, 5, '150000', '750000', '2021-12-15 23:42:18', 'New', 31, 'Đen'),
(277, 3, 115, 5, '150000', '750000', '2021-12-15 23:42:18', 'New', 32, 'Đen'),
(278, 3, 94, 5, '100000', '500000', '2021-12-15 23:42:42', '', 70, 'Xanh lá'),
(279, 3, 94, 5, '100000', '500000', '2021-12-15 23:42:42', '', 76, 'Xanh lá'),
(280, 3, 94, 5, '100000', '500000', '2021-12-15 23:42:42', '', 79, 'Xanh lá'),
(281, 3, 109, 2, '120000', '240000', '2021-12-15 23:43:04', '', 70, 'Đen'),
(282, 3, 109, 2, '120000', '240000', '2021-12-15 23:43:04', '', 73, 'Đen'),
(283, 3, 109, 2, '120000', '240000', '2021-12-15 23:43:04', '', 76, 'Đen'),
(284, 3, 109, 2, '120000', '240000', '2021-12-15 23:43:04', '', 79, 'Đen'),
(285, 3, 110, 1, '150000', '150000', '2021-12-15 23:43:18', '', 70, 'Hồng'),
(286, 3, 110, 1, '150000', '150000', '2021-12-15 23:43:18', '', 73, 'Hồng'),
(287, 3, 110, 1, '150000', '150000', '2021-12-15 23:43:18', '', 76, 'Hồng'),
(288, 3, 116, 1, '200000', '200000', '2021-12-15 23:43:47', '', 29, 'Trắng'),
(289, 3, 116, 1, '200000', '200000', '2021-12-15 23:43:47', '', 30, 'Trắng'),
(290, 3, 116, 1, '200000', '200000', '2021-12-15 23:43:47', '', 31, 'Trắng'),
(291, 3, 116, 1, '200000', '200000', '2021-12-15 23:43:47', '', 32, 'Trắng'),
(292, 3, 112, 3, '150000', '450000', '2021-12-15 23:44:00', '', 70, 'Xanh'),
(293, 3, 112, 3, '150000', '450000', '2021-12-15 23:44:00', '', 73, 'Xanh'),
(294, 3, 112, 3, '150000', '450000', '2021-12-15 23:44:00', '', 76, 'Xanh'),
(295, 3, 114, 2, '150000', '300000', '2021-12-15 23:44:14', '', 29, 'Xanh'),
(296, 3, 114, 2, '150000', '300000', '2021-12-15 23:44:14', '', 30, 'Xanh'),
(297, 3, 114, 2, '150000', '300000', '2021-12-15 23:44:14', '', 31, 'Xanh'),
(298, 3, 114, 2, '150000', '300000', '2021-12-15 23:44:14', '', 32, 'Xanh'),
(299, 3, 120, 3, '120000', '360000', '2021-12-15 23:44:29', '', 30, 'Trắng'),
(300, 3, 120, 3, '120000', '360000', '2021-12-15 23:44:29', '', 31, 'Trắng'),
(301, 3, 95, 10, '120000', '1200000', '2021-12-15 23:45:11', '', 29, 'Trắng'),
(302, 3, 95, 10, '120000', '1200000', '2021-12-15 23:45:11', '', 30, 'Trắng'),
(303, 3, 95, 10, '120000', '1200000', '2021-12-15 23:45:11', '', 31, 'Trắng'),
(304, 3, 95, 10, '120000', '1200000', '2021-12-15 23:45:11', '', 32, 'Trắng'),
(305, 3, 121, 4, '150000', '600000', '2021-12-15 23:45:37', '', 29, 'Xanh'),
(306, 3, 121, 4, '150000', '600000', '2021-12-15 23:45:37', '', 30, 'Xanh'),
(307, 3, 121, 4, '150000', '600000', '2021-12-15 23:45:37', '', 31, 'Xanh'),
(308, 3, 122, 5, '120000', '600000', '2021-12-15 23:45:48', '', 29, 'Xám'),
(309, 3, 122, 5, '120000', '600000', '2021-12-15 23:45:48', '', 30, 'Xám'),
(310, 3, 122, 5, '120000', '600000', '2021-12-15 23:45:48', '', 31, 'Xám'),
(311, 3, 122, 5, '120000', '600000', '2021-12-15 23:45:48', '', 32, 'Xám'),
(312, 3, 125, 10, '180000', '1800000', '2021-12-15 23:46:02', '', 29, 'Đen'),
(313, 3, 125, 10, '180000', '1800000', '2021-12-15 23:46:02', '', 30, 'Đen'),
(314, 3, 125, 10, '180000', '1800000', '2021-12-15 23:46:02', '', 31, 'Đen'),
(315, 3, 125, 10, '180000', '1800000', '2021-12-15 23:46:02', '', 32, 'Đen'),
(316, 3, 126, 5, '150000', '750000', '2021-12-15 23:46:16', '', 29, 'Xanh'),
(317, 3, 126, 5, '150000', '750000', '2021-12-15 23:46:16', '', 30, 'Xanh'),
(318, 3, 126, 5, '150000', '750000', '2021-12-15 23:46:16', '', 31, 'Xanh'),
(319, 3, 130, 3, '150000', '450000', '2021-12-15 23:46:29', '', 29, 'Trắng'),
(320, 3, 130, 3, '150000', '450000', '2021-12-15 23:46:29', '', 31, 'Trắng'),
(321, 3, 130, 3, '150000', '450000', '2021-12-15 23:46:29', '', 32, 'Trắng'),
(322, 3, 132, 5, '180000', '900000', '2021-12-15 23:46:41', '', 29, 'Xanh'),
(323, 3, 132, 5, '180000', '900000', '2021-12-15 23:46:41', '', 30, 'Xanh'),
(324, 3, 132, 5, '180000', '900000', '2021-12-15 23:46:41', '', 31, 'Xanh'),
(325, 3, 133, 4, '120000', '480000', '2021-12-15 23:46:51', '', 29, 'Xanh'),
(326, 3, 133, 4, '120000', '480000', '2021-12-15 23:46:51', '', 30, 'Xanh'),
(327, 3, 133, 4, '120000', '480000', '2021-12-15 23:46:51', '', 31, 'Xanh'),
(328, 3, 133, 4, '120000', '480000', '2021-12-15 23:46:51', '', 32, 'Xanh');

-- --------------------------------------------------------

--
-- Cấu trúc bảng cho bảng `phieuxuat`
--

DROP TABLE IF EXISTS `phieuxuat`;
CREATE TABLE IF NOT EXISTS `phieuxuat` (
  `MaPX` int NOT NULL AUTO_INCREMENT,
  `MaNV` int NOT NULL,
  `MaSP` int NOT NULL,
  `Mau` varchar(100) CHARACTER SET utf8mb4 COLLATE utf8mb4_vietnamese_ci NOT NULL,
  `Size` int NOT NULL,
  `SoLuong` int NOT NULL,
  `DonGia` decimal(10,0) NOT NULL,
  `TongTien` decimal(10,0) NOT NULL,
  `Note` varchar(500) CHARACTER SET utf8mb4 COLLATE utf8mb4_vietnamese_ci NOT NULL,
  `NgayXuat` datetime NOT NULL DEFAULT CURRENT_TIMESTAMP,
  PRIMARY KEY (`MaPX`),
  KEY `MaNV` (`MaNV`),
  KEY `MauSP` (`MaSP`),
  KEY `Mau` (`Mau`),
  KEY `Size` (`Size`)
) ENGINE=InnoDB AUTO_INCREMENT=6 DEFAULT CHARSET=utf8mb4 COLLATE=utf8mb4_vietnamese_ci;

--
-- Đang đổ dữ liệu cho bảng `phieuxuat`
--

INSERT INTO `phieuxuat` (`MaPX`, `MaNV`, `MaSP`, `Mau`, `Size`, `SoLuong`, `DonGia`, `TongTien`, `Note`, `NgayXuat`) VALUES
(5, 3, 4, 'none', 36, 40, '1000000', '40000000', 'test', '2020-01-10 21:18:22');

-- --------------------------------------------------------

--
-- Cấu trúc bảng cho bảng `quyen`
--

DROP TABLE IF EXISTS `quyen`;
CREATE TABLE IF NOT EXISTS `quyen` (
  `id` int NOT NULL,
  `Ten` varchar(100) CHARACTER SET utf8mb4 COLLATE utf8mb4_vietnamese_ci NOT NULL,
  `MoTa` varchar(100) CHARACTER SET utf8mb4 COLLATE utf8mb4_vietnamese_ci DEFAULT NULL,
  PRIMARY KEY (`id`)
) ENGINE=InnoDB DEFAULT CHARSET=utf8mb4 COLLATE=utf8mb4_vietnamese_ci;

--
-- Đang đổ dữ liệu cho bảng `quyen`
--

INSERT INTO `quyen` (`id`, `Ten`, `MoTa`) VALUES
(1, 'Manager', 'chủ cửa hàng'),
(2, 'Project Manager', 'quản trị viên'),
(3, 'Quản lý Kho', ''),
(4, 'Nhân viên Bán Hàng', ''),
(5, 'Nhân viên giao hàng', '');

-- --------------------------------------------------------

--
-- Cấu trúc bảng cho bảng `sanpham`
--

DROP TABLE IF EXISTS `sanpham`;
CREATE TABLE IF NOT EXISTS `sanpham` (
  `MaSP` int NOT NULL AUTO_INCREMENT,
  `TenSP` varchar(50) CHARACTER SET utf8mb4 COLLATE utf8mb4_vietnamese_ci NOT NULL,
  `MaDM` int DEFAULT NULL,
  `MaNCC` int NOT NULL,
  `SoLuong` int DEFAULT '0',
  `MoTa` text CHARACTER SET utf8mb4 COLLATE utf8mb4_vietnamese_ci,
  `DonGia` decimal(10,0) NOT NULL,
  `MaAnh` varchar(50) CHARACTER SET utf8mb4 COLLATE utf8mb4_vietnamese_ci DEFAULT NULL,
  `AnhNen` varchar(50) CHARACTER SET utf8mb4 COLLATE utf8mb4_vietnamese_ci DEFAULT NULL,
  PRIMARY KEY (`MaSP`),
  KEY `MaNCC` (`MaNCC`),
  KEY `MaDM` (`MaDM`)
) ENGINE=InnoDB AUTO_INCREMENT=134 DEFAULT CHARSET=utf8mb4 COLLATE=utf8mb4_vietnamese_ci;

--
-- Đang đổ dữ liệu cho bảng `sanpham`
--

INSERT INTO `sanpham` (`MaSP`, `TenSP`, `MaDM`, `MaNCC`, `SoLuong`, `MoTa`, `DonGia`, `MaAnh`, `AnhNen`) VALUES
(86, 'Áo Thun Cổ Tròn Thiên Nhiên Kì Vĩ M14  ', 1, 1, 64, 'Chất liệu: Cotton Compact\r\nThành phần: 100% Cotton\r\n- Thân thiện\r\n- Thấm hút thoát ẩm\r\n- Mềm mại\r\n- Kiểm soát mùi\r\n- Điều hòa nhiệt\r\n+ Họa tiết in dẻo + nhãn ép\r\n- HDSD:\r\n+ Nên giặt chung với sản phẩm cùng màu\r\n+ Không dùng thuốc tẩy hoặc xà phòng có tính tẩy mạnh\r\n+ Nên phơi trong bóng râm để giữ sp bền màu', '185000', NULL, 'Áo Thun Cổ Tròn Thiên Nhiên Kì Vĩ M14.jpg'),
(87, 'Quần Dài Loose Pants Đơn Giản Y Nguyên Bản Ver1  ', 3, 6, 116, 'Quần Dài Loose Pants Đơn Giản Y Nguyên Bản Ver1\r\nChất liệu: Vải Dù\r\nThành phần: 100% poly\r\n- Co giãn\r\n- Vải nhẹ\r\n- Mềm mịn\r\n- Độ bền\r\n- Dễ dàng giặt ủi\r\n+ Họa tiết in dẻo\r\n+ Dây Rút Giấu Cạp Trong\r\n+ Hai túi trước có dây kéo\r\n+ Có dây rút gấu mặc 2 kiểu suông hoặc bo năng động', '425000', NULL, 'Quần Dài Tây Đơn Giản B2HG06.jpg'),
(88, 'Áo Thun Cổ Tròn Đơn Giản M25  ', 2, 1, 60, 'Áo Thun Cổ Tròn Đơn Giản M25\r\nChất liệu: Cotton 4 chiều\r\nThành phần: 92% cotton 8% spandex\r\n- Thân thiện\r\n- Thấm hút thoát ẩm\r\n- Mềm mại, ít nhăn\r\n- Co giãn tối ưu\r\n- Kiểm soát mùi\r\n- Điều hòa nhiệt\r\n+ Họa tiết Thêu xù , May đắp TPR\r\n- HDSD:\r\n+ Nên giặt chung với sản phẩm cùng màu\r\n+ Không dùng thuốc tẩy hoặc xà phòng có tính tẩy mạnh\r\n+ Nên phơi trong bóng râm để giữ sp bền màu', '199000', NULL, 'Áo Thun Cổ Tròn Đơn Giản M25.jpg'),
(89, 'Áo Thun Cổ Tròn Đơn Giản M27  ', 2, 1, 90, 'Áo Thun Cổ Tròn Đơn Giản M27\r\nChất liệu: Cotton 4 chiều\r\nThành phần: 92% cotton 8% spandex\r\n- Thân thiện\r\n- Thấm hút thoát ẩm\r\n- Mềm mại, ít nhăn\r\n- Co giãn tối ưu\r\n- Kiểm soát mùi\r\n- Điều hòa nhiệt\r\n+ Họa tiết Thêu xù , May đắp TPR\r\n- HDSD:\r\n+ Nên giặt chung với sản phẩm cùng màu\r\n+ Không dùng thuốc tẩy hoặc xà phòng có tính tẩy mạnh\r\n+ Nên phơi trong bóng râm để giữ sp bền màu', '199000', NULL, 'Áo Thun Cổ Tròn Đơn Giản M27.jpg'),
(90, 'Áo Thun Cổ Tròn Đơn Giản M2', 2, 1, 30, 'Chất liệu: Cotton 2 chiều\r\nThành phần: 100% Cotton\r\n- Thân thiện\r\n- Thấm hút thoát ẩm\r\n- Mềm mại\r\n- Kiểm soát mùi\r\n- Điều hòa nhiệt\r\n+ Họa tiết in dẻo + in nổi\r\n- HDSD:\r\n+ Nên giặt chung với sản phẩm cùng màu\r\n+ Không dùng thuốc tẩy hoặc xà phòng có tính tẩy mạnh\r\n+ Nên phơi trong bóng râm để giữ sp bền màu', '199000', NULL, 'Áo Thun Cổ Tròn Đơn Giản M2.jpg'),
(91, 'Áo Thun Cổ Trụ Đơn Giản H01  ', 3, 1, 24, 'Chất liệu: vải cá sấu cotton/poly\r\nThành phần: 72% cotton 28% poly\r\n- Thoáng mát và thoải mái\r\n- Sợi vải nhanh khô\r\n\r\nHDSD:\r\n- Không sử dụng thuốc tẩy hoặc bột giặt có độ tẩy cao\r\n- Tránh phơi dưới ánh nắng trực tiếp để bảo quản màu sắc', '205000', NULL, 'Áo Thun Cổ Trụ Đơn Giản H01.jpg'),
(92, 'Áo Thun Cổ Trụ Đơn Giản H03  ', 3, 1, 40, 'Chất liệu: vải cá sấu cotton/poly\r\nThành phần: 72% cotton 28% poly\r\n- Thoáng mát và thoải mái\r\n- Sợi vải nhanh khô\r\n\r\nHDSD:\r\n- Không sử dụng thuốc tẩy hoặc bột giặt có độ tẩy cao\r\n- Tránh phơi dưới ánh nắng trực tiếp để bảo quản màu sắc', '205000', NULL, 'Áo Thun Cổ Trụ Đơn Giản H03.jpg'),
(93, 'Áo Thun Cổ Trụ Đơn Giản H030', 3, 1, 200, 'Chất liệu: vải cá sấu cotton/poly\r\nThành phần: 72% cotton 28% poly\r\n- Thoáng mát và thoải mái\r\n- Sợi vải nhanh khô\r\n\r\nHDSD:\r\n- Không sử dụng thuốc tẩy hoặc bột giặt có độ tẩy cao\r\n- Tránh phơi dưới ánh nắng trực tiếp để bảo quản màu sắc', '205000', NULL, 'Áo Thun Cổ Trụ Đơn Giản H030.jpg'),
(94, 'Áo Thun Cổ Tròn Special Thẻ Xanh M3  ', 4, 1, 15, 'Áo Thun Cổ Tròn Special Thẻ Xanh M3\r\nChất liệu: Cotton 4 chiều\r\nThành phần: 92% cotton 8% spandex\r\n- Thân thiện\r\n- Thấm hút thoát ẩm\r\n- Mềm mại, ít nhăn\r\n- Co giãn tối ưu\r\n- Kiểm soát mùi\r\n- Điều hòa nhiệt\r\n+ Họa tiết in dẻo\r\n- HDSD:\r\n+ Nên giặt chung với sản phẩm cùng màu\r\n+ Không dùng thuốc tẩy hoặc xà phòng có tính tẩy mạnh\r\n+ Nên phơi trong bóng râm để giữ sp bền màu', '185000', NULL, 'Áo Thun Cổ Tròn Special Thẻ Xanh M3.jpg'),
(95, 'Áo Thun Cổ Tròn Special Thẻ Xanh M1  ', 4, 1, 40, 'Áo Thun Cổ Tròn Special Thẻ Xanh M1\r\nChất liệu: Cotton 4 chiều\r\nThành phần: 92% cotton 8% spandex\r\n- Thân thiện\r\n- Thấm hút thoát ẩm\r\n- Mềm mại, ít nhăn\r\n- Co giãn tối ưu\r\n- Kiểm soát mùi\r\n- Điều hòa nhiệt\r\n+ Họa tiết in dẻo\r\n- HDSD:\r\n+ Nên giặt chung với sản phẩm cùng màu\r\n+ Không dùng thuốc tẩy hoặc xà phòng có tính tẩy mạnh\r\n+ Nên phơi trong bóng râm để giữ sp bền màu', '185000', NULL, 'Áo Thun Cổ Tròn Special Thẻ Xanh M1.jpg'),
(96, 'Áo Thun Sweater Linh Vật Bbuff Ver7  ', 1, 1, 40, 'Áo Thun Sweater Linh Vật Bbuff Ver7\r\nChất liệu: FRENCH TERRY\r\nThành phần: 100% cotton\r\n- Thấm hút thoát ẩm\r\n- Mềm mại, ít nhăn\r\n- Co giãn tối ưu\r\n- Thân thiện môi trường\r\n- Kỹ thuật in dẻo', '444000', NULL, 'Áo Thun Sweater Linh Vật Bbuff Ver7.jpg'),
(97, 'Áo Khoác Hoodie Y Nguyên Bản 18+ Ver15  ', 2, 3, 40, 'Áo Khoác Hoodie Y Nguyên Bản 18+ Ver15\r\nChất liệu: FRENCH TERRY\r\nThành phần: 100% cotton\r\n- Thấm hút thoát ẩm\r\n- Mềm mại, ít nhăn\r\n- Co giãn tối ưu\r\n- Thân thiện môi trường\r\n- Họa tiết in dẻo + thêu đắp giống', '308000', NULL, 'Áo Khoác Hoodie Y Nguyên Bản 18+ Ver15.jpg'),
(98, 'Áo Khoác Hoodie Linh Vật Bbuff Ver2  ', 1, 3, 60, 'Áo Khoác Hoodie Linh Vật Bbuff Ver2\r\nChất liệu: FRENCH TERRY\r\nThành phần: 100% cotton\r\n- Thấm hút thoát ẩm\r\n- Mềm mại, ít nhăn\r\n- Co giãn tối ưu\r\n- Thân thiện môi trường\r\n- Kỹ thuật in dẻo', '455000', NULL, 'Áo Khoác Hoodie Linh Vật Bbuff Ver2.jpg'),
(99, 'Áo Khoác Classic Y Nguyên Bản 18+ Logo 10 Ver1  ', 1, 3, 200, 'Chất liệu: Vải Dù\r\nThành phần: 100% poly\r\n- Cản gió\r\n- Trượt nước\r\n- Thoáng Khí\r\n- Vừa vặn Tối ưu\r\n- Chống thấm nước nhiều giờ liền\r\n- Bảo vệ chống tác động môi trường\r\n+ Reverse Coil Zipper\r\n(Những chiếc khoá túi này có bề mặt ngoài dẹp, phẳng trong khi răng khoá thì ở trong)\r\n+ Hai túi trong có dây kéo\r\n+ Nón rộng\r\n+ Gấu áo có dây rút phản quang điều chỉnh độ rộng phù hợp người dùng\r\n+ Dây kéo viền phản quang\r\n+ Họa tiết in chuyển nhiệt', '465000', NULL, 'Áo Khoác Classic Y Nguyên Bản 18+ Logo 10 Ver1.jpg'),
(100, 'Áo Khoác Classic Ngân Hà 4 Element Ver1  ', 3, 3, 150, 'Chất liệu: Mini Zurry\r\n94% Cotton\r\n+ Thân thiện môi trường\r\n+ Thấm hút thoát ẩm\r\n+ Mềm mại\r\n+ Ít nhăn\r\n+ Hạn chế khả năng gây kích ứng khi sử dụng\r\n6% Spandex\r\nGiúp áo co giãn tối ưu\r\n\r\n- In trame + in dẻo logo 4 Element\r\n+ + Reverse Coil Zipper\r\n(Những chiếc khoá túi này có bề mặt ngoài dẹp, phẳng trong khi răng khoá thì ở trong)\r\n+ Nhiều túi tiện dụng\r\n+ Phản quang dây luồng nón', '350000', NULL, 'Áo Khoác Classic Ngân Hà 4 Element Ver1.jpg'),
(102, 'Áo Khoác Classic Đặc Biệt G01  ', 2, 3, 90, 'Chất liệu: Vải Dù\r\nThành phần: 100% poly\r\n- Trượt nước\r\n- Chống UV\r\n- Vải dù bền, dai và nhẹ\r\n- Ưu điểm vượt trội là thoáng khí', '325000', NULL, 'Áo Khoác Classic Đặc Biệt G01.jpg'),
(103, 'Sơ Mi Tay Dài Đơn Giản Y Nguyên Bản Ver8  ', 2, 2, 120, 'Sơ Mi Tay Dài Đơn Giản Y Nguyên Bản Ver8\r\nChất liệu: Vải Sơ Mi\r\nThành phần: 100% cotton\r\n- Họa tiết thêu + May đắp', '225000', NULL, 'Sơ Mi Tay Dài Đơn Giản Y Nguyên Bản Ver8.jpg'),
(104, 'Sơ Mi Cổ Lãnh Tụ Đơn Giản M21  ', 2, 2, 12, 'Chất liệu: Vải Sơ Mi\r\nThành phần: 100% Poly\r\n- Cổ lãnh tụ đơn giản', '255000', NULL, 'Sơ Mi Cổ Lãnh Tụ Đơn Giản M21.jpg'),
(105, 'Sơ Mi Tay Ngắn Thần Cổ Đại Valknut Ver1  ', 1, 2, 120, 'Sơ Mi Tay Ngắn Thần Cổ Đại Valknut Ver1\r\nChất liệu: Vải dù - in chuyển nhiệt\r\nThành phần: 100% poly\r\n- Co giãn 2 chiều\r\n- Bề mặt mềm mại\r\n- Nhanh khô\r\n- Độ bền cao', '204000', NULL, 'Sơ Mi Tay Ngắn Thần Cổ Đại Valknut Ver1.jpg'),
(106, 'Sơ Mi Tay Ngắn Đơn Giản Y Nguyên Bản Ver6  ', 1, 2, 90, 'Sơ Mi Tay Ngắn Đơn Giản Y Nguyên Bản Ver6\r\nChất liệu: Vải Kaki\r\nThành phần: 100% Cotton\r\n- Độ bền\r\n- Thấm hút\r\n- Giữ form dáng\r\n- Thoáng khí\r\n- Thân thiệt môi trường\r\n- Họa tiết in dẻo + may đắp logo', '225000', NULL, 'Sơ Mi Tay Ngắn Đơn Giản Y Nguyên Bản Ver6.jpg'),
(107, 'Sơ Mi Cổ Danton Ngân Hà 4 Element Ver1  ', 2, 2, 3, 'Sơ Mi Cổ Danton Ngân Hà 4 Element Ver1\r\nChất liệu: Vải Sơ Mi\r\nThành phần: 65% cotton 35% poly\r\n- Co giãn tốt\r\n- Thoáng mát\r\n+ Họa tiết in dẻo + thêu + may nhãn dệt', '225000', NULL, 'Sơ Mi Cổ Danton Ngân Hà 4 Element Ver1.jpg'),
(108, 'Sơ Mi Cổ Danton Linh Vật Rồng Ver4  ', 3, 2, 150, 'Sơ Mi Cổ Danton Linh Vật Rồng Ver4\r\nChất liệu: Vải dù - in chuyển nhiệt\r\nThành phần: 100% poly\r\n- Co giãn 2 chiều\r\n- Bề mặt mềm mại\r\n- Nhanh khô\r\n- Độ bền\r\n+ Họa tiết in chuyển nhiệt', '280000', NULL, 'Sơ Mi Cổ Danton Linh Vật Rồng Ver4.jpg'),
(109, 'Sơ Mi Tay Ngắn Đơn Giản H01  ', 4, 2, 8, 'Chất liệu: Vải Ford cotton\r\nThành phần: 60% cotton 40% poly\r\n- Mềm mại, mát mẻ\r\n- Thoải mái và bền', '250000', NULL, 'Sơ Mi Tay Ngắn Đơn Giản H01.jpg'),
(110, 'Sơ Mi Tay Dài Đơn Giản M12  ', 2, 2, 3, 'Chất liệu: Vải Sơ Mi\r\nThành phần: 100% T-cool\r\n- Mềm - Mịn - Mát\r\n- Giữ phom dáng\r\n- Co giãn tối ưu\r\n- Thấm hút thoát ẩm\r\n- Vải nhẹ\r\n- Ít nhăn - dễ ủi\r\n- Nhanh khô', '285000', NULL, 'Sơ Mi Tay Dài Đơn Giản M12.jpg'),
(111, 'Sơ Mi Tay Dài Đặc Biệt I04  ', 3, 2, 200, 'Chất liệu: vải polyester\r\nThành phần : 100% poly', '250000', NULL, 'Sơ Mi Tay Dài Đặc Biệt I04.jpg'),
(112, 'Sơ Mi Tay Dài Đặc Biệt H04  ', 4, 2, 9, 'Chất liệu: Kate Đũi\r\nThành phần: 100% Cotton\r\n- Mềm mại, mát mẻ,\r\n- Thoải mái và bền\r\nHDSD:\r\n- Áo sơ mi màu phơi trong bóng râm để tránh bạc màu phần vai áo\r\n- Áo sơ mi trắng có thể phơi ngoài nắng để áo trắng sáng hơn ( không phơi quá lâu )', '240000', NULL, 'Sơ Mi Tay Dài Đặc Biệt H04.jpg'),
(113, 'Sơ Mi Tay Dài Đơn Giản B01  ', 3, 2, 150, 'Chất liệu: Kate\r\nThành phần: Cotton và Polyester.\r\n- Vải ít nhăn, mặt vải phẳng và mịn\r\n- Thấm hút ầm tốt\r\n- Dễ dàng giặt ủi.\r\nHDSD:\r\n- Áo sơ mi màu phơi trong bóng râm để tránh bạc màu phần vai áo\r\n- Áo sơ mi trắng có thể phơi ngoài nắng để áo trắng sáng hơn ( không phơi quá lâu )', '299000', NULL, 'Sơ Mi Tay Dài Đơn Giản B01.jpg'),
(114, 'Quần Dài Jean Slimfit Đặc Biệt M5  ', 4, 4, 8, 'Chất liệu: Jean Cotton\r\nThành phần: 99% cotton 1% spandex\r\n- Mềm mại\r\n- Thoáng mát\r\n- Thấm hút\r\nHDSD:\r\n- Hãy lộn mặt trái của sản phẩm trước khi giặt để hạn chế bay màu vải.\r\n- Không nên sử dụng các chất tẩy rửa mạnh trong quá trình giặt.', '285000', NULL, 'Quần Dài Jean Slimfit Đặc Biệt M5.jpg'),
(115, 'Quần Dài Jean Slimfit Đặc Biệt B22  ', 2, 4, 20, 'Chất liệu: Jean Cotton\r\nThành phần 86% cotton 14% poly\r\n- Thoải mái và dễ chịu khi mặc\r\n- Sản phẩm có độ bền cao.', '425000', NULL, 'Quần Dài Jean Slimfit Đặc Biệt B22.jpg'),
(116, 'Quần Dài Jean Slimfit Đơn Giản M4  ', 2, 4, 4, 'Chất liệu: Jean Cotton\r\nThành phần: 78% cotton 21% recycle poly 1% spandex\r\nTính Năng \"Cân Bằng Nhiệt Độ\"\r\n- Không hấp thụ nhiệt\r\n- Giữ ấm cơ thể\r\n- Tạo lớp không khí ấm\r\n- Thấm hút nhanh\r\n- Thoáng mát\r\n+ Wash thời trang\r\n+ In chữ túi quần trước\r\n', '425000', NULL, 'Quần Dài Jean Slimfit Đơn Giản M4.jpg'),
(117, 'Quần Dài Jean Skinny Đơn Giản A05  ', 1, 4, 80, 'Chất liệu: Jean Cotton\r\nThành phần: 98% cotton 2% spandex\r\n- Độ bền cao\r\n- Mặc mát, rất thoải mái.', '450000', NULL, 'Quần Dài Jean Skinny Đơn Giản A05.jpg'),
(118, 'Quần Dài Jean Skinny Đơn Giản A04  ', 3, 4, 150, 'Chất liệu: Jean Cotton\r\nThành phần: 98% cotton 2% spandex\r\n- Độ bền cao\r\n- Mặc mát, rất thoải mái.', '350000', NULL, 'Quần Dài Jean Skinny Đơn Giản A04.jpg'),
(119, 'Quần Dài Jean Slimfit Đặc Biệt B30  ', 1, 4, 80, 'Chất liệu: Jean Cotton\r\nThành phần: 100% cotton\r\n- Độ bền cao\r\n- Mặc rất thoải mái.\r\nHDSD:\r\n- Giặt qua lần đầu trước khi mặc. Công đoạn giặt lần đầu này sẽ làm giảm bớt bụi vải\r\n- Hãy lộn mặt trái của sản phẩm để giặt. Hành động này sẽ giữ màu tốt hơn cho trang phục làm từ vải jeans mà bạn đang sở hữu', '460000', NULL, 'Quần Dài Jean Slimfit Đặc Biệt B30.jpg'),
(120, 'SHT Quần Dài Jean Slimfit Đặc Biệt B14  ', 4, 4, 6, '', '340000', NULL, 'SHT Quần Dài Jean Slimfit Đặc Biệt B14.jpg'),
(121, 'Quần Short Thần Cổ Đại Aides Ver1  ', 4, 7, 12, 'Quần Short Thần Cổ Đại Aides Ver1\r\nChất liệu: Jean Cotton\r\nThành phần: 100% cotton\r\n- Độ bền cao\r\n- Thoáng mát\r\n- Thoải mái\r\n+ Họa tiết khắc lazer + logo TPR\r\n+ Wash thời trang', '240000', NULL, 'Quần Short Thần Cổ Đại Aides Ver1.jpg'),
(122, 'Quần Short Đơn Giản Y Nguyên Bản Ver9  ', 2, 7, 20, 'Quần Short Đơn Giản Y Nguyên Bản Ver9\r\nChất liệu: Vải Kaki\r\nThành phần: 100% Cotton\r\n- Độ bền\r\n- Thấm hút\r\n- Giữ form dáng\r\n- Thoáng khí\r\n- Thân thiệt môi trường\r\n- Họa tiết in dẻo', '185000', NULL, 'Quần Short Đơn Giản Y Nguyên Bản Ver9.jpg'),
(123, 'Quần Short Đơn Giản Y Nguyên Bản Ver6  ', 4, 7, 0, 'Chất liệu: Vải Kaki\r\nThành phần: 100% Cotton\r\n- Độ bền\r\n- Thấm hút\r\n- Giữ form dáng\r\n- Thoáng khí\r\n- Thân thiệt môi trường\r\n- Kỹ thuật pigment dye', '190000', NULL, 'Quần Short Đơn Giản Y Nguyên Bản Ver6.jpg'),
(124, 'Quần Short Đơn Giản Y Nguyên Bản Ver5  ', 1, 7, 120, 'Chất liệu: Vải Kaki\r\nThành phần: 100% Cotton\r\n- Độ bền\r\n- Thấm hút\r\n- Giữ form dáng\r\n- Thoáng khí\r\n- Thân thiệt môi trường\r\n- Kỹ thuậy wash hoạt tính', '225000', NULL, 'Quần Short Đơn Giản Y Nguyên Bản Ver5.jpg'),
(125, 'Quần Dài Tây Đơn Giản HG11  ', 2, 6, 40, 'Chất liệu: Vải Quần Tây\r\nThành phần: 70% poly 28% rayon 2% spandex\r\n- Mềm mại, bề mặt vải trơn mịn, cảm giác mát nhẹ khi mặc.\r\n- Thiết kế quần ống đứng mang đến sự lịch lãm, tự tin và nam tính cho người mặc.\r\n- Phù hợp với nhiều môi trường khác nhau như đi làm, đi tiệc, đi học, đi chơi.', '385000', NULL, 'Quần Dài Tây Đơn Giản HG11.jpg'),
(126, 'Quần Dài Tây Đơn Giản B2HG060', 2, 6, 15, 'Chất liệu: NA\r\n\r\nQuần Dài Form Tiêu Chuẩn', '385000', NULL, 'Quần Dài Tây Đơn Giản B2HG060.jpg'),
(127, 'Quần Dài Tây Đơn Giản B2X03  ', 1, 6, 80, '', '425000', NULL, 'Quần Dài Tây Đơn Giản B2X03.jpg'),
(129, 'Quần Dài Sweatpants Đơn Giản Y Nguyên Bản Ver3  ', 3, 6, 150, 'Quần Dài Sweatpants Đơn Giản Y Nguyên Bản Ver3\r\nChất liệu: Vải Dù\r\nThành phần: 100% poly\r\n- Co giãn\r\n- Vải nhẹ\r\n- Mềm mịn\r\n- Độ bền\r\n- Dễ dàng giặt ủi\r\n+ Họa tiết in dẻo\r\n+ Hai túi trước có dây kéo\r\n+ Dây Rút Giấu Cạp Trong\r\n+ Gấu quần bo vào mắt cá chân, cực kì hiệu quả trong việc che khuyết điểm', '265000', NULL, 'Quần Dài Sweatpants Đơn Giản Y Nguyên Bản Ver3.jpg'),
(130, 'Quần Dài Jogger Đơn Giản M1  ', 2, 6, 9, 'Chất liệu: Jean Ultra Stretch\r\nThành phần: 55% cotton , 21% recycle poly 14% tencel lyocell 9% rayon 1% spandex\r\n- Mịn - Mền - Mượt\r\n- Độ co giãn tốt\r\n- Thân thiện môi trường.\r\n- Thoải mái\r\n+ Wash trơn đơn giản\r\n+ Thêu túi trước chữ Ultra Stretch', '385000', NULL, 'Quần Dài Jogger Đơn Giản M1.jpg'),
(131, '[SOO04] SHT Quần Dài Jogger Đặc Biệt F01  ', 1, 6, 80, 'Chất liệu chính : Vảy cá chéo\r\nThành phần: 95%cotton 5%spandex\r\nCo dãn 4 chiều nên tạo được sự thoải mái khi mặc\r\nVải thấm hút mồ hôi tốt, thoáng khí\r\nChất liệu phối: Dù 100% poly', '425000', NULL, '[SOO04] SHT Quần Dài Jogger Đặc Biệt F01.jpg'),
(132, '[SOO04] SHT Quần Dài Jogger Đặc Biệt E02  ', 4, 6, 15, 'Chất liệu: Vảy cá chéo\r\nThành phần: 95%cotton 5%spandex\r\nCo dãn 4 chiều nên tạo được sự thoải mái khi mặc\r\nVải thấm hút mồ hôi tốt, thoáng khí', '425000', NULL, '[SOO04] SHT Quần Dài Jogger Đặc Biệt E02.jpg'),
(133, 'Quần Dài Jogger Đơn Giản M1  ', 4, 6, 16, 'Chất liệu: Jean Ultra Stretch\r\nThành phần: 55% cotton , 21% recycle poly 14% tencel lyocell 9% rayon 1% spandex\r\n- Mịn - Mền - Mượt\r\n- Độ co giãn tốt\r\n- Thân thiện môi trường.\r\n- Thoải mái\r\n+ Wash trơn đơn giản\r\n+ Thêu túi trước chữ Ultra Stretch', '285000', NULL, 'Quần Dài Jogger Đơn Giản M10.jpg');

-- --------------------------------------------------------

--
-- Cấu trúc bảng cho bảng `sanphamkhuyenmai`
--

DROP TABLE IF EXISTS `sanphamkhuyenmai`;
CREATE TABLE IF NOT EXISTS `sanphamkhuyenmai` (
  `MaSP` int NOT NULL,
  `MaKM` int NOT NULL,
  PRIMARY KEY (`MaSP`,`MaKM`),
  KEY `MaKH` (`MaKM`)
) ENGINE=InnoDB DEFAULT CHARSET=utf8mb4 COLLATE=utf8mb4_vietnamese_ci;

--
-- Đang đổ dữ liệu cho bảng `sanphamkhuyenmai`
--

INSERT INTO `sanphamkhuyenmai` (`MaSP`, `MaKM`) VALUES
(4, 1),
(5, 1),
(6, 1),
(7, 1),
(9, 1),
(10, 1),
(11, 1),
(12, 1),
(82, 1),
(94, 1),
(95, 1),
(121, 1),
(123, 1),
(4, 3),
(5, 3),
(6, 3),
(7, 3),
(9, 3),
(10, 3),
(11, 3),
(12, 3),
(53, 3),
(54, 3),
(55, 3),
(56, 3),
(68, 3),
(69, 3),
(70, 3),
(71, 3),
(72, 3),
(73, 3),
(74, 3),
(75, 3),
(76, 3),
(77, 3),
(132, 3),
(133, 3),
(53, 4),
(54, 4),
(55, 4),
(56, 4),
(69, 4),
(114, 4),
(120, 4),
(68, 5),
(4, 6),
(5, 6),
(109, 6),
(112, 6);

-- --------------------------------------------------------

--
-- Cấu trúc bảng cho bảng `size`
--

DROP TABLE IF EXISTS `size`;
CREATE TABLE IF NOT EXISTS `size` (
  `MaSize` int NOT NULL,
  PRIMARY KEY (`MaSize`)
) ENGINE=InnoDB DEFAULT CHARSET=utf8mb4 COLLATE=utf8mb4_vietnamese_ci;

--
-- Đang đổ dữ liệu cho bảng `size`
--

INSERT INTO `size` (`MaSize`) VALUES
(29),
(30),
(31),
(32),
(70),
(73),
(76),
(79);

--
-- Các ràng buộc cho các bảng đã đổ
--

--
-- Các ràng buộc cho bảng `binhluan`
--
ALTER TABLE `binhluan`
  ADD CONSTRAINT `binhluan_ibfk_1` FOREIGN KEY (`MaKH`) REFERENCES `khachhang` (`MaKH`),
  ADD CONSTRAINT `binhluan_ibfk_2` FOREIGN KEY (`MaSP`) REFERENCES `sanpham` (`MaSP`);

--
-- Các ràng buộc cho bảng `khuyenmai`
--
ALTER TABLE `khuyenmai`
  ADD CONSTRAINT `khuyenmai_ibfk_1` FOREIGN KEY (`MaKM`) REFERENCES `sanphamkhuyenmai` (`MaKM`) ON DELETE RESTRICT ON UPDATE RESTRICT;
COMMIT;

/*!40101 SET CHARACTER_SET_CLIENT=@OLD_CHARACTER_SET_CLIENT */;
/*!40101 SET CHARACTER_SET_RESULTS=@OLD_CHARACTER_SET_RESULTS */;
/*!40101 SET COLLATION_CONNECTION=@OLD_COLLATION_CONNECTION */;
